date,0,1,2,3,4,5,6
2020-03-25,0.0,,,,,,
2020-03-26,0.0,0.0,,,,,
2020-03-27,0.0,0.0,0.0,,,,
2020-03-28,0.0,0.0,0.0,0.0,,,
2020-03-29,0.0,0.0,0.0,0.0,0.0,,
2020-03-30,0.0,0.0,0.0,0.0,0.0,0.0,
2020-03-31,0.0,0.0,0.0,0.0,0.0,0.0,0.0
2020-04-01,0.0,0.0,0.0,0.0,0.0,0.0,0.0
2020-04-02,0.0,0.0,0.0,0.0,0.0,0.0,0.0
2020-04-03,0.0,0.0,0.0,0.0,0.0,0.0,0.0
2020-04-04,0.0,0.0,0.0,0.0,0.0,0.0,0.0
2020-04-05,0.0,0.0,0.0,0.0,0.0,0.0,0.0
2020-04-06,0.0,0.0,0.0,0.0,0.0,0.0,0.0
2020-04-07,0.0,0.0,0.0,0.0,0.0,0.0,0.0
2020-04-08,0.0,0.0,0.0,0.0,0.0,0.0,0.0
2020-04-09,0.0,0.0,0.0,0.0,0.0,0.0,0.0
2020-04-10,0.0,0.0,0.0,0.0,0.0,0.0,0.0
2020-04-11,0.0,0.0,0.0,0.0,0.0,0.0,0.0
2020-04-12,0.0,0.0,0.0,0.0,0.0,0.0,0.0
2020-04-13,0.0,0.0,0.0,0.0,0.0,0.0,0.0
2020-04-14,0.0,0.0,0.0,0.0,0.0,0.0,0.0
2020-04-15,0.0,0.0,0.0,0.0,0.0,0.0,0.0
2020-04-16,0.0,0.0,0.0,0.0,0.0,0.0,0.0
2020-04-17,0.0,0.0,0.0,0.0,0.0,0.0,0.0
2020-04-18,0.0,0.0,0.0,0.0,0.0,0.0,0.0
2020-04-19,0.0,0.0,0.0,0.0,0.0,0.0,0.0
2020-04-20,0.0,0.0,0.0,0.0,0.0,0.0,0.0
2020-04-21,0.0,0.0,0.0,0.0,0.0,0.0,0.0
2020-04-22,0.0,0.0,0.0,0.0,0.0,0.0,0.0
2020-04-23,0.0,0.0,0.0,0.0,0.0,0.0,0.0
2020-04-24,0.0,0.0,0.0,0.0,0.0,0.0,0.0
2020-04-25,0.0,0.0,0.0,0.0,0.0,0.0,0.0
2020-04-26,0.0,0.0,0.0,0.0,0.0,0.0,0.0
2020-04-27,0.0,0.0,0.0,0.0,0.0,0.0,0.0
2020-04-28,0.0,0.0,0.0,0.0,0.0,0.0,0.0
2020-04-29,0.0,0.0,0.0,0.0,0.0,0.0,0.0
2020-04-30,0.0,0.0,0.0,0.0,0.0,0.0,0.0
2020-05-01,0.0,0.0,0.0,0.0,0.0,0.0,0.0
2020-05-02,0.0,0.0,0.0,0.0,0.0,0.0,0.0
2020-05-03,0.0,0.0,0.0,0.0,0.0,0.0,0.0
2020-05-04,0.0,0.0,0.0,0.0,0.0,0.0,0.0
2020-05-05,0.0,0.0,0.0,0.0,0.0,0.0,0.0
2020-05-06,0.0,0.0,0.0,0.0,0.0,0.0,0.0
2020-05-07,0.0,0.0,0.0,0.0,0.0,0.0,0.0
2020-05-08,0.0,0.0,0.0,0.0,0.0,0.0,0.0
2020-05-09,0.0,0.0,0.0,0.0,0.0,0.0,0.0
2020-05-10,0.0,0.0,0.0,0.0,0.0,0.0,0.0
2020-05-11,0.0,0.0,0.0,0.0,0.0,0.0,0.0
2020-05-12,0.0,0.0,0.0,0.0,0.0,0.0,0.0
2020-05-13,0.0,0.0,0.0,0.0,0.0,0.0,0.0
2020-05-14,0.0,0.0,0.0,0.0,0.0,0.0,0.0
2020-05-15,0.0,0.0,0.0,0.0,0.0,0.0,0.0
2020-05-16,0.0,0.0,0.0,0.0,0.0,0.0,0.0
2020-05-17,0.0,0.0,0.0,0.0,0.0,0.0,0.0
2020-05-18,0.0,0.0,0.0,0.0,0.0,0.0,0.0
2020-05-19,0.0,0.0,0.0,0.0,0.0,0.0,0.0
2020-05-20,0.0,0.0,0.0,0.0,0.0,0.0,0.0
2020-05-21,0.0,0.0,0.0,0.0,0.0,0.0,0.0
2020-05-22,0.0,0.0,0.0,0.0,0.0,0.0,0.0
2020-05-23,0.0,0.0,0.0,0.0,0.0,0.0,0.0
2020-05-24,0.0,0.0,0.0,0.0,0.0,0.0,0.0
2020-05-25,0.0,0.0,0.0,0.0,0.0,0.0,0.0
2020-05-26,0.0,0.0,0.0,0.0,0.0,0.0,0.0
2020-05-27,0.0,0.0,0.0,0.0,0.0,0.0,0.0
2020-05-28,0.0,0.0,0.0,0.0,0.0,0.0,0.0
2020-05-29,0.0,0.0,0.0,0.0,0.0,0.0,0.0
2020-05-30,0.0,0.0,0.0,0.0,0.0,0.0,0.0
2020-05-31,0.0,0.0,0.0,0.0,0.0,0.0,0.0
2020-06-01,0.0,0.0,0.0,0.0,0.0,0.0,0.0
2020-06-02,0.0,0.0,0.0,0.0,0.0,0.0,0.0
2020-06-03,0.0,0.0,0.0,0.0,0.0,0.0,0.0
2020-06-04,0.0,0.0,0.0,0.0,0.0,0.0,0.0
2020-06-05,0.0,0.0,0.0,0.0,0.0,0.0,0.0
2020-06-06,0.0,0.0,0.0,0.0,0.0,0.0,0.0
2020-06-07,0.0,0.0,0.0,0.0,0.0,0.0,0.0
2020-06-08,0.0,0.0,0.0,0.0,0.0,0.0,0.0
2020-06-09,0.0,0.0,0.0,0.0,0.0,0.0,0.0
2020-06-10,0.0,0.0,0.0,0.0,0.0,0.0,0.0
2020-06-11,0.0,0.0,0.0,0.0,0.0,0.0,0.0
2020-06-12,0.0,0.0,0.0,0.0,0.0,0.0,0.0
2020-06-13,0.0,0.0,0.0,0.0,0.0,0.0,0.0
2020-06-14,0.0,0.0,0.0,0.0,0.0,0.0,0.0
2020-06-15,0.0,0.0,0.0,0.0,0.0,0.0,0.0
2020-06-16,0.0,0.0,0.0,0.0,0.0,0.0,0.0
2020-06-17,0.0,0.0,0.0,0.0,0.0,0.0,0.0
2020-06-18,0.0,0.0,0.0,0.0,0.0,0.0,0.0
2020-06-19,0.0,0.0,0.0,0.0,0.0,0.0,0.0
2020-06-20,0.0,0.0,0.0,0.0,0.0,0.0,0.0
2020-06-21,0.0,0.0,0.0,0.0,0.0,0.0,0.0
2020-06-22,0.0,0.0,0.0,0.0,0.0,0.0,0.0
2020-06-23,0.0,0.0,0.0,0.0,0.0,0.0,0.0
2020-06-24,0.0,0.0,0.0,0.0,0.0,0.0,0.0
2020-06-25,0.0,0.0,0.0,0.0,0.0,0.0,0.0
2020-06-26,0.0,0.0,0.0,0.0,0.0,0.0,0.0
2020-06-27,0.0,0.0,0.0,0.0,0.0,0.0,0.0
2020-06-28,0.0,0.0,0.0,0.0,0.0,0.0,0.0
2020-06-29,3.0009155,0.0,0.0,0.0,0.0,0.0,0.0
2020-06-30,5.4528236,0.0,0.0,0.0,0.0,0.0,0.0
2020-07-01,0.0,0.0,0.0,0.0,0.0,0.0,0.0
2020-07-02,3.2166977,0.0,0.0,0.0,0.0,0.0,0.0
2020-07-03,6.141575,0.0,0.0,0.0,0.0,0.0,0.0
2020-07-04,9.112679,0.0,0.0,0.0,0.0,0.0,0.0
2020-07-05,9.770008,0.0,0.0,0.0,0.0,0.0,0.0
2020-07-06,13.79789,0.0,0.0,0.0,0.0,0.0,0.0
2020-07-07,13.566723,0.0,0.0,0.0,0.0,0.0,0.0
2020-07-08,14.770435,0.0,0.0,0.0,0.0,0.0,0.0
2020-07-09,8.828308,0.0,0.0,0.0,0.0,0.0,0.0
2020-07-10,8.8214035,0.0,0.0,0.0,0.0,0.0,0.0
2020-07-11,8.3729515,0.0,0.0,0.0,0.0,0.0,0.0
2020-07-12,9.028046,0.0,0.0,0.0,0.0,0.0,0.0
2020-07-13,5.798855,0.0,0.0,0.0,0.0,0.0,0.0
2020-07-14,10.789364,0.0,0.0,0.0,0.0,0.0,0.0
2020-07-15,12.275425,0.0,0.0,0.0,0.0,0.0,0.0
2020-07-16,23.04533,0.0,0.0,0.0,0.0,0.0,0.0
2020-07-17,22.512089,7.488415,0.0,0.0,0.0,0.0,0.0
2020-07-18,27.158428,6.3357544,0.0,0.0,0.0,0.0,0.0
2020-07-19,31.615421,14.753731,0.0,0.0,0.0,0.0,0.0
2020-07-20,27.923191,21.786793,0.0,0.0,0.0,0.0,0.0
2020-07-21,35.631058,16.064808,10.199726,0.0,0.0,0.0,0.0
2020-07-22,40.784065,26.408894,0.0,0.0,0.0,0.0,0.0
2020-07-23,40.620796,31.451504,18.02623,0.0,0.0,0.0,0.0
2020-07-24,42.929245,31.284412,25.903522,3.229599,0.0,0.0,0.0
2020-07-25,43.149246,33.40688,25.678417,19.417084,0.0,0.0,0.0
2020-07-26,48.986908,33.590374,28.245846,19.071163,0.0,0.0,0.0
2020-07-27,53.98445,38.748066,28.443966,23.084133,0.0,0.0,0.0
2020-07-28,47.151623,42.956898,33.660416,23.393429,1.5901604,0.0,0.0
2020-07-29,45.994938,37.096508,37.521275,30.537926,2.1767387,0.0,0.0
2020-07-30,47.320484,36.05933,32.047276,34.596733,14.463505,0.0,0.0
2020-07-31,48.14765,37.207348,31.01044,28.587376,20.448582,0.0,0.0
2020-08-01,54.00023,37.91282,32.139088,27.213161,11.175121,0.0,0.0
2020-08-02,48.560883,42.854946,32.815098,28.696003,8.833221,0.0,0.0
2020-08-03,51.189037,38.23671,37.375134,29.526073,11.341675,0.0,0.0
2020-08-04,56.85864,40.47051,33.10967,34.43109,12.736214,0.0,0.0
2020-08-05,55.747303,45.145504,35.19589,29.87083,20.182606,0.0,0.0
2020-08-06,51.338085,44.22176,39.364536,32.195446,13.296509,0.0,0.0
2020-08-07,51.320396,40.54993,38.549732,36.34905,16.994503,0.0,0.0
2020-08-08,46.328045,40.526356,35.24749,35.565845,22.620853,0.0,0.0
2020-08-09,47.18577,36.22561,35.22192,32.241558,21.633526,0.25634384,0.0
2020-08-10,41.785267,36.973553,31.120579,32.21284,17.044209,0.0,0.0
2020-08-11,37.845726,32.149094,31.85886,27.334118,16.997433,0.0,0.0
2020-08-12,35.943455,28.43478,26.67278,28.313725,8.975086,0.0,0.0
2020-08-13,34.418755,26.537926,21.323132,20.519268,10.634869,0.0,0.0
2020-08-14,32.57199,24.932014,18.118992,11.937725,0.0,0.0,0.0
2020-08-15,31.277477,22.814419,15.479595,3.4320145,0.0,0.0,0.0
2020-08-16,27.335201,21.154736,12.028027,0.0,0.0,0.0,0.0
2020-08-17,30.42942,14.882748,8.681904,0.0,0.0,0.0,0.0
2020-08-18,25.304008,19.971878,0.0,0.0,0.0,0.0,0.0
2020-08-19,24.34964,11.435913,5.2767105,0.0,0.0,0.0,0.0
2020-08-20,23.377735,9.808933,0.0,0.0,0.0,0.0,0.0
2020-08-21,21.52016,8.033604,0.0,0.0,0.0,0.0,0.0
2020-08-22,19.419903,3.6820335,0.0,0.0,0.0,0.0,0.0
2020-08-23,19.445179,0.0,0.0,0.0,0.0,0.0,0.0
2020-08-24,12.701088,0.0,0.0,0.0,0.0,0.0,0.0
2020-08-25,15.538212,0.0,0.0,0.0,0.0,0.0,0.0
2020-08-26,15.556324,0.0,0.0,0.0,0.0,0.0,0.0
2020-08-27,15.955231,0.0,0.0,0.0,0.0,0.0,0.0
2020-08-28,14.99482,0.0,0.0,0.0,0.0,0.0,0.0
2020-08-29,7.7882614,0.0,0.0,0.0,0.0,0.0,0.0
2020-08-30,9.589603,0.0,0.0,0.0,0.0,0.0,0.0
2020-08-31,9.831127,0.0,0.0,0.0,0.0,0.0,0.0
2020-09-01,5.0238113,0.0,0.0,0.0,0.0,0.0,0.0
2020-09-02,3.5650787,0.0,0.0,0.0,0.0,0.0,0.0
2020-09-03,11.157108,0.0,0.0,0.0,0.0,0.0,0.0
2020-09-04,14.877445,0.0,0.0,0.0,0.0,0.0,0.0
2020-09-05,16.65147,0.0,0.0,0.0,0.0,0.0,0.0
2020-09-06,15.687527,0.0,0.0,0.0,0.0,0.0,0.0
2020-09-07,16.073719,0.0,0.0,0.0,0.0,0.0,0.0
2020-09-08,14.8862,0.0,0.0,0.0,0.0,0.0,0.0
2020-09-09,12.446232,0.0,0.0,0.0,0.0,0.0,0.0
2020-09-10,2.3285751,0.0,0.0,0.0,0.0,0.0,0.0
2020-09-11,0.0,0.0,0.0,0.0,0.0,0.0,0.0
2020-09-12,0.0,0.0,0.0,0.0,0.0,0.0,0.0
2020-09-13,0.0,0.0,0.0,0.0,0.0,0.0,0.0
2020-09-14,0.0,0.0,0.0,0.0,0.0,0.0,0.0
2020-09-15,0.0,0.0,0.0,0.0,0.0,0.0,0.0
2020-09-16,0.0,0.0,0.0,0.0,0.0,0.0,0.0
2020-09-17,0.0,0.0,0.0,0.0,0.0,0.0,0.0
2020-09-18,0.0,0.0,0.0,0.0,0.0,0.0,0.0
2020-09-19,0.0,0.0,0.0,0.0,0.0,0.0,0.0
2020-09-20,0.0,0.0,0.0,0.0,0.0,0.0,0.0
2020-09-21,0.0,0.0,0.0,0.0,0.0,0.0,0.0
2020-09-22,0.0,0.0,0.0,0.0,0.0,0.0,0.0
2020-09-23,0.0,0.0,0.0,0.0,0.0,0.0,0.0
2020-09-24,0.0,0.0,0.0,0.0,0.0,0.0,0.0
2020-09-25,0.0,0.0,0.0,0.0,0.0,0.0,0.0
2020-09-26,0.0,0.0,0.0,0.0,0.0,0.0,0.0
2020-09-27,0.0,0.0,0.0,0.0,0.0,0.0,0.0
2020-09-28,0.0,0.0,0.0,0.0,0.0,0.0,0.0
2020-09-29,0.0,0.0,0.0,0.0,0.0,0.0,0.0
2020-09-30,0.0,0.0,0.0,0.0,0.0,0.0,0.0
2020-10-01,0.0,0.0,0.0,0.0,0.0,0.0,0.0
2020-10-02,0.0,0.0,0.0,0.0,0.0,0.0,0.0
2020-10-03,0.0,0.0,0.0,0.0,0.0,0.0,0.0
2020-10-04,0.0,0.0,0.0,0.0,0.0,0.0,0.0
2020-10-05,0.0,0.0,0.0,0.0,0.0,0.0,0.0
2020-10-06,0.0,0.0,0.0,0.0,0.0,0.0,0.0
2020-10-07,0.0,0.0,0.0,0.0,0.0,0.0,0.0
2020-10-08,0.0,0.0,0.0,0.0,0.0,0.0,0.0
2020-10-09,0.0,0.0,0.0,0.0,0.0,0.0,0.0
2020-10-10,0.0,0.0,0.0,0.0,0.0,0.0,0.0
2020-10-11,0.0,0.0,0.0,0.0,0.0,0.0,0.0
2020-10-12,0.0,0.0,0.0,0.0,0.0,0.0,0.0
2020-10-13,0.0,0.0,0.0,0.0,0.0,0.0,0.0
2020-10-14,0.0,0.0,0.0,0.0,0.0,0.0,0.0
2020-10-15,0.0,0.0,0.0,0.0,0.0,0.0,0.0
2020-10-16,0.0,0.0,0.0,0.0,0.0,0.0,0.0
2020-10-17,0.0,0.0,0.0,0.0,0.0,0.0,0.0
2020-10-18,0.0,0.0,0.0,0.0,0.0,0.0,0.0
2020-10-19,0.0,0.0,0.0,0.0,0.0,0.0,0.0
2020-10-20,0.0,0.0,0.0,0.0,0.0,0.0,0.0
2020-10-21,0.0,0.0,0.0,0.0,0.0,0.0,0.0
2020-10-22,0.0,0.0,0.0,0.0,0.0,0.0,0.0
2020-10-23,0.0,0.0,0.0,0.0,0.0,0.0,0.0
2020-10-24,0.0,0.0,0.0,0.0,0.0,0.0,0.0
2020-10-25,0.0,0.0,0.0,0.0,0.0,0.0,0.0
2020-10-26,0.0,0.0,0.0,0.0,0.0,0.0,0.0
2020-10-27,0.0,0.0,0.0,0.0,0.0,0.0,0.0
2020-10-28,0.0,0.0,0.0,0.0,0.0,0.0,0.0
2020-10-29,0.0,0.0,0.0,0.0,0.0,0.0,0.0
2020-10-30,3.1950684,0.0,0.0,0.0,0.0,0.0,0.0
2020-10-31,0.0,0.0,0.0,0.0,0.0,0.0,0.0
2020-11-01,0.0,0.0,0.0,0.0,0.0,0.0,0.0
2020-11-02,1.14571,0.0,0.0,0.0,0.0,0.0,0.0
2020-11-03,0.0,0.0,0.0,0.0,0.0,0.0,0.0
2020-11-04,0.886673,0.0,0.0,0.0,0.0,0.0,0.0
2020-11-05,0.0,0.0,0.0,0.0,0.0,0.0,0.0
2020-11-06,0.0,0.0,0.0,0.0,0.0,0.0,0.0
2020-11-07,0.0,0.0,0.0,0.0,0.0,0.0,0.0
2020-11-08,0.0,0.0,0.0,0.0,0.0,0.0,0.0
2020-11-09,0.0,0.0,0.0,0.0,0.0,0.0,0.0
2020-11-10,0.0,0.0,0.0,0.0,0.0,0.0,0.0
2020-11-11,0.0,0.0,0.0,0.0,0.0,0.0,0.0
2020-11-12,0.0,0.0,0.0,0.0,0.0,0.0,0.0
2020-11-13,0.61058044,0.0,0.0,0.0,0.0,0.0,0.0
2020-11-14,5.397503,0.0,0.0,0.0,0.0,0.0,0.0
2020-11-15,8.871326,0.0,0.0,0.0,0.0,0.0,0.0
2020-11-16,10.854961,0.0,0.0,0.0,0.0,0.0,0.0
2020-11-17,13.98938,0.0,0.0,0.0,0.0,0.0,0.0
2020-11-18,16.942856,0.0,0.0,0.0,0.0,0.0,0.0
2020-11-19,19.37994,0.0,0.0,0.0,0.0,0.0,0.0
2020-11-20,22.407185,0.0,0.0,0.0,0.0,0.0,0.0
2020-11-21,23.076141,6.114788,0.0,0.0,0.0,0.0,0.0
2020-11-22,23.570919,7.55991,0.0,0.0,0.0,0.0,0.0
2020-11-23,16.09312,8.525143,0.0,0.0,0.0,0.0,0.0
2020-11-24,10.536163,0.0,0.0,0.0,0.0,0.0,0.0
2020-11-25,12.451031,0.0,0.0,0.0,0.0,0.0,0.0
2020-11-26,12.44297,0.0,0.0,0.0,0.0,0.0,0.0
2020-11-27,14.287094,0.0,0.0,0.0,0.0,0.0,0.0
2020-11-28,14.280788,0.0,0.0,0.0,0.0,0.0,0.0
2020-11-29,15.66737,0.0,0.0,0.0,0.0,0.0,0.0
2020-11-30,24.00755,0.0,0.0,0.0,0.0,0.0,0.0
2020-12-01,26.79649,9.311504,0.0,0.0,0.0,0.0,0.0
2020-12-02,27.256329,14.110237,0.0,0.0,0.0,0.0,0.0
2020-12-03,25.468708,14.90115,0.0,0.0,0.0,0.0,0.0
2020-12-04,21.907864,11.837139,0.0,0.0,0.0,0.0,0.0
2020-12-05,27.70863,4.833374,0.0,0.0,0.0,0.0,0.0
2020-12-06,33.177036,15.67944,0.0,0.0,0.0,0.0,0.0
2020-12-07,38.222637,23.699585,0.0,0.0,0.0,0.0,0.0
2020-12-08,46.879215,28.997952,13.59856,0.0,0.0,0.0,0.0
2020-12-09,55.882168,36.959415,22.355724,0.0,0.0,0.0,0.0
2020-12-10,66.77327,44.589382,31.959305,13.953274,0.0,0.0,0.0
2020-12-11,73.3416,53.194798,39.000904,28.49812,0.0,0.0,0.0
2020-12-12,73.825424,58.194485,46.24729,36.049866,11.079899,0.0,0.0
2020-12-13,81.57628,58.485252,50.16684,42.64061,22.344746,0.0,0.0
2020-12-14,84.9034,64.37329,50.341396,45.96554,29.805317,0.0,0.0
2020-12-15,88.8999,66.85132,54.792057,46.08418,33.176178,13.7710495,0.0
2020-12-16,91.88356,69.87407,56.614967,49.669205,33.257565,19.201015,0.0
2020-12-17,91.84743,72.13739,58.8085,51.06422,36.69756,19.306335,0.0
2020-12-18,93.02283,72.00464,60.41982,52.695244,37.957516,23.929607,0.0
2020-12-19,93.67049,72.83589,60.251957,53.863888,39.402607,25.437183,2.7886047
2020-12-20,100.071655,73.25127,60.800247,53.69549,40.406048,27.08044,5.770447
2020-12-21,99.24672,78.23996,61.040478,54.065414,40.210903,28.16576,9.024857
2020-12-22,93.24361,77.48357,64.654724,54.205975,40.49854,27.932735,11.123047
2020-12-23,95.80202,72.64261,64.026764,56.86145,40.58209,28.225155,10.671436
2020-12-24,96.24037,74.60045,60.411243,56.354748,42.857254,28.296783,11.227947
2020-12-25,113.04671,74.887924,61.80088,53.622868,42.378223,30.650463,11.363201
2020-12-26,118.39517,88.491776,61.9716,54.633568,39.951435,30.141003,15.6027565
2020-12-27,118.24997,93.02356,72.07428,54.736145,40.816673,27.563732,14.728069
2020-12-28,91.072754,92.80008,75.446686,62.013603,40.88213,28.483044,9.952393
2020-12-29,136.73386,70.56995,75.21083,64.37576,46.97682,28.54102,11.716061
2020-12-30,125.659164,109.473526,58.643772,64.163666,48.841396,34.524174,11.825462
2020-12-31,121.20384,99.06213,88.18713,52.152405,48.630974,36.18868,21.445095
2021-01-01,109.61438,95.079575,79.79779,73.48039,38.481663,35.972954,23.578815
2021-01-02,109.7144,85.08592,76.73332,67.36873,55.93313,25.85672,23.304081
2021-01-03,109.67227,85.138824,69.16882,65.12236,51.08544,42.124226,6.5717964
2021-01-04,125.46672,85.07623,69.18761,59.729748,49.270702,38.058163,30.065468
2021-01-05,122.03952,98.65987,69.12219,59.729137,44.89288,36.454357,25.755077
2021-01-06,142.72029,95.605316,79.33147,59.670544,44.879528,32.436993,23.869556
2021-01-07,144.62401,114.551315,76.99118,66.9261,44.820263,32.416576,18.447414
2021-01-08,149.67906,116.20967,92.0336,65.21529,50.639645,32.35339,18.415623
2021-01-09,153.96962,120.85245,93.33475,76.0125,49.26179,37.60635,18.319191
2021-01-10,152.96475,124.92313,97.15242,76.89574,57.690258,36.38947,25.216923
2021-01-11,179.60896,123.81596,100.559265,79.6136,58.32467,43.36501,23.775803
2021-01-12,144.1078,150.2665,99.52644,82.133224,60.3878,43.827766,31.199371
2021-01-13,128.31116,115.05516,123.691376,81.29927,62.3003,45.409267,31.62304
2021-01-14,119.3784,100.346375,91.90491,100.68021,61.60963,46.842197,33.080875
2021-01-15,129.87941,92.566055,80.04343,75.54881,76.86261,46.28024,34.35229
2021-01-16,139.74652,101.74153,74.20557,67.059875,57.019405,57.8002,33.82933
2021-01-17,142.90543,110.95766,81.12245,62.899555,50.41308,42.585415,43.363636
2021-01-18,138.42189,113.81938,88.471985,67.83061,47.121975,37.164925,30.315647
2021-01-19,150.81223,109.61058,90.79643,73.05798,51.01647,34.271885,24.61575
2021-01-20,155.40594,121.13217,87.29593,74.69585,55.0677,37.6778,21.013664
2021-01-21,162.19838,125.56616,96.82802,72.16312,56.314137,41.007103,25.202312
2021-01-22,135.73308,132.18973,100.56285,78.99652,54.33007,41.98882,28.742664
2021-01-23,117.32271,106.88982,106.51358,81.76663,59.598038,40.37559,29.714802
2021-01-24,110.76636,90.55333,84.99162,86.33223,61.70984,44.546017,28.084293
2021-01-25,97.52182,85.077805,72.53685,70.44397,65.25579,46.143665,32.14552
2021-01-26,82.37305,74.61278,68.50308,61.612877,52.93522,48.812584,33.583496
2021-01-27,78.48143,63.131275,60.911846,58.816692,45.994225,39.18597,35.903034
2021-01-28,76.86862,60.27741,52.679813,53.413586,43.741207,33.179478,26.818913
2021-01-29,76.318375,59.109768,50.602642,47.328156,39.192646,31.078247,19.484905
2021-01-30,73.98518,58.7297,49.75888,45.708298,33.71041,26.437206,16.254463
2021-01-31,67.138855,57.02847,49.49655,45.045277,32.16871,19.685505,7.6525345
2021-02-01,62.81313,51.955875,48.244015,44.844513,31.530788,17.386364,0.0
2021-02-02,62.459465,48.752693,44.376553,43.837254,31.343197,16.36893,0.0
2021-02-03,55.500504,48.542393,41.831974,40.597057,30.350937,16.063152,0.0
2021-02-04,50.196487,43.20044,41.69202,38.375336,27.005043,14.388271,0.0
2021-02-05,48.795868,38.965137,37.236584,38.2645,24.572144,8.258522,0.0
2021-02-06,45.596455,37.919445,33.48412,34.10777,24.46674,3.6558456,0.0
2021-02-07,43.49995,35.248608,32.565296,30.164143,19.355919,3.4662437,0.0
2021-02-08,42.62434,33.45583,29.97602,29.101307,13.423542,0.0,0.0
2021-02-09,43.981274,32.726772,28.086212,25.602047,11.715755,0.0,0.0
2021-02-10,43.679535,33.990566,27.276623,22.665794,5.85149,0.0,0.0
2021-02-11,48.187675,33.749866,28.726185,21.395802,0.5401077,0.0,0.0
2021-02-12,47.881485,37.738613,28.475807,23.724445,0.0,0.0,0.0
2021-02-13,55.458347,37.502136,32.55176,23.336555,2.6320648,0.0,0.0
2021-02-14,60.134445,43.894264,32.337112,29.161434,1.9173813,0.0,0.0
2021-02-15,58.85858,47.674397,38.21596,28.902172,12.010307,0.0,0.0
2021-02-16,58.872227,46.674355,41.480732,35.22398,11.587307,0.0,0.0
2021-02-17,59.000954,46.69274,40.638416,38.30393,21.156166,0.0,0.0
2021-02-18,52.953503,46.802185,40.658108,37.528473,24.910881,0.0,0.0
2021-02-19,50.924503,41.877026,40.755142,37.54844,24.011196,4.6137695,0.0
2021-02-20,41.116856,40.17523,36.443897,37.640038,24.03809,2.9104347,0.0
2021-02-21,32.6651,31.525105,34.890385,33.475666,24.149086,2.964386,0.0
2021-02-22,33.390244,22.906353,25.883858,31.855892,18.827312,3.1780853,0.0
2021-02-23,22.353497,23.766674,12.174461,19.306255,16.44627,0.0,0.0
2021-02-24,15.831772,5.7959023,13.6018715,0.0,0.0,0.0,0.0
2021-02-25,16.236858,0.0,0.0,0.0,0.0,0.0,0.0
2021-02-26,16.644123,0.0,0.0,0.0,0.0,0.0,0.0
2021-02-27,20.863987,0.0,0.0,0.0,0.0,0.0,0.0
2021-02-28,15.725418,1.5644836,0.0,0.0,0.0,0.0,0.0
2021-03-01,9.817104,0.0,0.0,0.0,0.0,0.0,0.0
2021-03-02,5.782383,0.0,0.0,0.0,0.0,0.0,0.0
2021-03-03,5.576576,0.0,0.0,0.0,0.0,0.0,0.0
2021-03-04,4.4321594,0.0,0.0,0.0,0.0,0.0,0.0
2021-03-05,2.497593,0.0,0.0,0.0,0.0,0.0,0.0
2021-03-06,0.0,0.0,0.0,0.0,0.0,0.0,0.0
2021-03-07,0.0,0.0,0.0,0.0,0.0,0.0,0.0
2021-03-08,0.0,0.0,0.0,0.0,0.0,0.0,0.0
2021-03-09,0.0,0.0,0.0,0.0,0.0,0.0,0.0
2021-03-10,2.3572311,0.0,0.0,0.0,0.0,0.0,0.0
2021-03-11,0.0,0.0,0.0,0.0,0.0,0.0,0.0
2021-03-12,0.0,0.0,0.0,0.0,0.0,0.0,0.0
2021-03-13,0.0,0.0,0.0,0.0,0.0,0.0,0.0
2021-03-14,0.0,0.0,0.0,0.0,0.0,0.0,0.0
2021-03-15,0.07353592,0.0,0.0,0.0,0.0,0.0,0.0
2021-03-16,0.0,0.0,0.0,0.0,0.0,0.0,0.0
2021-03-17,0.0,0.0,0.0,0.0,0.0,0.0,0.0
2021-03-18,0.0,0.0,0.0,0.0,0.0,0.0,0.0
2021-03-19,0.0,0.0,0.0,0.0,0.0,0.0,0.0
2021-03-20,0.0,0.0,0.0,0.0,0.0,0.0,0.0
2021-03-21,0.0,0.0,0.0,0.0,0.0,0.0,0.0
2021-03-22,0.0,0.0,0.0,0.0,0.0,0.0,0.0
2021-03-23,0.0,0.0,0.0,0.0,0.0,0.0,0.0
2021-03-24,0.0,0.0,0.0,0.0,0.0,0.0,0.0
2021-03-25,0.0,0.0,0.0,0.0,0.0,0.0,0.0
2021-03-26,0.0,0.0,0.0,0.0,0.0,0.0,0.0
2021-03-27,0.0,0.0,0.0,0.0,0.0,0.0,0.0
2021-03-28,0.0,0.0,0.0,0.0,0.0,0.0,0.0
2021-03-29,0.0,0.0,0.0,0.0,0.0,0.0,0.0
2021-03-30,0.0,0.0,0.0,0.0,0.0,0.0,0.0
2021-03-31,0.0,0.0,0.0,0.0,0.0,0.0,0.0
2021-04-01,0.0,0.0,0.0,0.0,0.0,0.0,0.0
2021-04-02,0.0,0.0,0.0,0.0,0.0,0.0,0.0
2021-04-03,0.0,0.0,0.0,0.0,0.0,0.0,0.0
2021-04-04,0.0,0.0,0.0,0.0,0.0,0.0,0.0
2021-04-05,0.0,0.0,0.0,0.0,0.0,0.0,0.0
2021-04-06,0.0,0.0,0.0,0.0,0.0,0.0,0.0
2021-04-07,0.0,0.0,0.0,0.0,0.0,0.0,0.0
2021-04-08,0.0,0.0,0.0,0.0,0.0,0.0,0.0
2021-04-09,0.0,0.0,0.0,0.0,0.0,0.0,0.0
2021-04-10,0.0,0.0,0.0,0.0,0.0,0.0,0.0
2021-04-11,0.0,0.0,0.0,0.0,0.0,0.0,0.0
2021-04-12,0.0,0.0,0.0,0.0,0.0,0.0,0.0
2021-04-13,0.0,0.0,0.0,0.0,0.0,0.0,0.0
2021-04-14,0.0,0.0,0.0,0.0,0.0,0.0,0.0
2021-04-15,0.0,0.0,0.0,0.0,0.0,0.0,0.0
2021-04-16,0.0,0.0,0.0,0.0,0.0,0.0,0.0
2021-04-17,0.0,0.0,0.0,0.0,0.0,0.0,0.0
2021-04-18,0.0,0.0,0.0,0.0,0.0,0.0,0.0
2021-04-19,0.0,0.0,0.0,0.0,0.0,0.0,0.0
2021-04-20,0.0,0.0,0.0,0.0,0.0,0.0,0.0
2021-04-21,0.0,0.0,0.0,0.0,0.0,0.0,0.0
2021-04-22,0.0,0.0,0.0,0.0,0.0,0.0,0.0
2021-04-23,0.0,0.0,0.0,0.0,0.0,0.0,0.0
2021-04-24,0.0,0.0,0.0,0.0,0.0,0.0,0.0
2021-04-25,0.0,0.0,0.0,0.0,0.0,0.0,0.0
2021-04-26,0.0,0.0,0.0,0.0,0.0,0.0,0.0
2021-04-27,0.0,0.0,0.0,0.0,0.0,0.0,0.0
2021-04-28,0.0,0.0,0.0,0.0,0.0,0.0,0.0
2021-04-29,0.0,0.0,0.0,0.0,0.0,0.0,0.0
2021-04-30,0.0,0.0,0.0,0.0,0.0,0.0,0.0
2021-05-01,0.0,0.0,0.0,0.0,0.0,0.0,0.0
2021-05-02,0.0,0.0,0.0,0.0,0.0,0.0,0.0
2021-05-03,0.0,0.0,0.0,0.0,0.0,0.0,0.0
2021-05-04,0.0,0.0,0.0,0.0,0.0,0.0,0.0
2021-05-05,0.0,0.0,0.0,0.0,0.0,0.0,0.0
2021-05-06,0.0,0.0,0.0,0.0,0.0,0.0,0.0
2021-05-07,0.0,0.0,0.0,0.0,0.0,0.0,0.0
2021-05-08,0.0,0.0,0.0,0.0,0.0,0.0,0.0
2021-05-09,0.0,0.0,0.0,0.0,0.0,0.0,0.0
2021-05-10,0.0,0.0,0.0,0.0,0.0,0.0,0.0
2021-05-11,0.0,0.0,0.0,0.0,0.0,0.0,0.0
2021-05-12,0.0,0.0,0.0,0.0,0.0,0.0,0.0
2021-05-13,0.0,0.0,0.0,0.0,0.0,0.0,0.0
2021-05-14,0.0,0.0,0.0,0.0,0.0,0.0,0.0
2021-05-15,0.0,0.0,0.0,0.0,0.0,0.0,0.0
2021-05-16,0.0,0.0,0.0,0.0,0.0,0.0,0.0
2021-05-17,0.0,0.0,0.0,0.0,0.0,0.0,0.0
2021-05-18,0.0,0.0,0.0,0.0,0.0,0.0,0.0
2021-05-19,0.0,0.0,0.0,0.0,0.0,0.0,0.0
2021-05-20,0.0,0.0,0.0,0.0,0.0,0.0,0.0
2021-05-21,0.0,0.0,0.0,0.0,0.0,0.0,0.0
2021-05-22,0.0,0.0,0.0,0.0,0.0,0.0,0.0
2021-05-23,0.0,0.0,0.0,0.0,0.0,0.0,0.0
2021-05-24,0.0,0.0,0.0,0.0,0.0,0.0,0.0
2021-05-25,0.0,0.0,0.0,0.0,0.0,0.0,0.0
2021-05-26,0.0,0.0,0.0,0.0,0.0,0.0,0.0
2021-05-27,0.0,0.0,0.0,0.0,0.0,0.0,0.0
2021-05-28,0.0,0.0,0.0,0.0,0.0,0.0,0.0
2021-05-29,0.0,0.0,0.0,0.0,0.0,0.0,0.0
2021-05-30,0.0,0.0,0.0,0.0,0.0,0.0,0.0
2021-05-31,0.0,0.0,0.0,0.0,0.0,0.0,0.0
2021-06-01,0.0,0.0,0.0,0.0,0.0,0.0,0.0
2021-06-02,0.0,0.0,0.0,0.0,0.0,0.0,0.0
2021-06-03,0.0,0.0,0.0,0.0,0.0,0.0,0.0
2021-06-04,0.0,0.0,0.0,0.0,0.0,0.0,0.0
2021-06-05,0.0,0.0,0.0,0.0,0.0,0.0,0.0
2021-06-06,0.0,0.0,0.0,0.0,0.0,0.0,0.0
2021-06-07,0.0,0.0,0.0,0.0,0.0,0.0,0.0
2021-06-08,0.0,0.0,0.0,0.0,0.0,0.0,0.0
2021-06-09,0.0,0.0,0.0,0.0,0.0,0.0,0.0
2021-06-10,0.0,0.0,0.0,0.0,0.0,0.0,0.0
2021-06-11,0.0,0.0,0.0,0.0,0.0,0.0,0.0
2021-06-12,0.0,0.0,0.0,0.0,0.0,0.0,0.0
2021-06-13,0.0,0.0,0.0,0.0,0.0,0.0,0.0
2021-06-14,0.0,0.0,0.0,0.0,0.0,0.0,0.0
2021-06-15,0.0,0.0,0.0,0.0,0.0,0.0,0.0
2021-06-16,0.0,0.0,0.0,0.0,0.0,0.0,0.0
2021-06-17,0.0,0.0,0.0,0.0,0.0,0.0,0.0
2021-06-18,0.0,0.0,0.0,0.0,0.0,0.0,0.0
2021-06-19,0.0,0.0,0.0,0.0,0.0,0.0,0.0
2021-06-20,0.0,0.0,0.0,0.0,0.0,0.0,0.0
2021-06-21,0.0,0.0,0.0,0.0,0.0,0.0,0.0
2021-06-22,0.0,0.0,0.0,0.0,0.0,0.0,0.0
2021-06-23,0.0,0.0,0.0,0.0,0.0,0.0,0.0
2021-06-24,0.0,0.0,0.0,0.0,0.0,0.0,0.0
2021-06-25,0.0,0.0,0.0,0.0,0.0,0.0,0.0
2021-06-26,0.0,0.0,0.0,0.0,0.0,0.0,0.0
2021-06-27,0.0,0.0,0.0,0.0,0.0,0.0,0.0
2021-06-28,0.0,0.0,0.0,0.0,0.0,0.0,0.0
2021-06-29,0.0,0.0,0.0,0.0,0.0,0.0,0.0
2021-06-30,0.0,0.0,0.0,0.0,0.0,0.0,0.0
2021-07-01,0.0,0.0,0.0,0.0,0.0,0.0,0.0
2021-07-02,0.0,0.0,0.0,0.0,0.0,0.0,0.0
2021-07-03,0.0,0.0,0.0,0.0,0.0,0.0,0.0
2021-07-04,0.0,0.0,0.0,0.0,0.0,0.0,0.0
2021-07-05,0.0,0.0,0.0,0.0,0.0,0.0,0.0
2021-07-06,0.0,0.0,0.0,0.0,0.0,0.0,0.0
2021-07-07,0.0,0.0,0.0,0.0,0.0,0.0,0.0
2021-07-08,0.0,0.0,0.0,0.0,0.0,0.0,0.0
2021-07-09,0.0,0.0,0.0,0.0,0.0,0.0,0.0
2021-07-10,0.0,0.0,0.0,0.0,0.0,0.0,0.0
2021-07-11,0.0,0.0,0.0,0.0,0.0,0.0,0.0
2021-07-12,0.0,0.0,0.0,0.0,0.0,0.0,0.0
2021-07-13,0.0,0.0,0.0,0.0,0.0,0.0,0.0
2021-07-14,0.0,0.0,0.0,0.0,0.0,0.0,0.0
2021-07-15,0.0,0.0,0.0,0.0,0.0,0.0,0.0
2021-07-16,0.0,0.0,0.0,0.0,0.0,0.0,0.0
2021-07-17,0.0,0.0,0.0,0.0,0.0,0.0,0.0
2021-07-18,0.0,0.0,0.0,0.0,0.0,0.0,0.0
2021-07-19,0.0,0.0,0.0,0.0,0.0,0.0,0.0
2021-07-20,0.0,0.0,0.0,0.0,0.0,0.0,0.0
2021-07-21,0.0,0.0,0.0,0.0,0.0,0.0,0.0
2021-07-22,0.0,0.0,0.0,0.0,0.0,0.0,0.0
2021-07-23,0.0,0.0,0.0,0.0,0.0,0.0,0.0
2021-07-24,0.0,0.0,0.0,0.0,0.0,0.0,0.0
2021-07-25,0.0,0.0,0.0,0.0,0.0,0.0,0.0
2021-07-26,0.0,0.0,0.0,0.0,0.0,0.0,0.0
2021-07-27,0.0,0.0,0.0,0.0,0.0,0.0,0.0
2021-07-28,0.0,0.0,0.0,0.0,0.0,0.0,0.0
2021-07-29,0.0,0.0,0.0,0.0,0.0,0.0,0.0
2021-07-30,0.0,0.0,0.0,0.0,0.0,0.0,0.0
2021-07-31,1.002018,0.0,0.0,0.0,0.0,0.0,0.0
2021-08-01,6.4579315,0.0,0.0,0.0,0.0,0.0,0.0
2021-08-02,6.440132,0.0,0.0,0.0,0.0,0.0,0.0
2021-08-03,6.4226685,0.0,0.0,0.0,0.0,0.0,0.0
2021-08-04,26.247952,0.0,0.0,0.0,0.0,0.0,0.0
2021-08-05,28.143139,13.264519,0.0,0.0,0.0,0.0,0.0
2021-08-06,29.502033,16.526512,0.0,0.0,0.0,0.0,0.0
2021-08-07,31.136196,18.772243,0.0,0.0,0.0,0.0,0.0
2021-08-08,32.584343,21.1814,1.4573364,0.0,0.0,0.0,0.0
2021-08-09,32.542587,23.039799,8.8596115,0.0,0.0,0.0,0.0
2021-08-10,32.50247,22.9739,12.528038,0.0,0.0,0.0,0.0
2021-08-11,41.860714,22.910679,12.4074745,0.0,0.0,0.0,0.0
2021-08-12,43.86358,32.46188,12.291645,0.0,0.0,0.0,0.0
2021-08-13,42.397793,34.27257,27.164585,0.0,0.0,0.0,0.0
2021-08-14,47.779358,32.912495,29.207172,21.375072,0.0,0.0,0.0
2021-08-15,55.78123,37.707684,27.676151,24.601994,0.0,0.0,0.0
2021-08-16,55.70846,44.453594,32.669537,22.172443,4.4100685,0.0,0.0
2021-08-17,55.63996,44.355705,38.8549,29.37318,0.0,0.0,0.0
2021-08-18,64.834,44.263676,38.749683,35.899178,12.5364685,0.0,0.0
2021-08-19,65.80136,51.532463,38.65089,35.790516,22.134068,0.0,0.0
2021-08-20,73.82773,52.228428,44.79497,35.68827,21.981678,0.0,0.0
2021-08-21,76.0508,58.344437,45.336124,41.326324,21.838337,0.0,0.0
2021-08-22,88.30669,59.974384,50.14432,41.788372,28.342037,0.0,0.0
2021-08-23,88.131424,69.359406,51.354057,45.876507,28.813946,11.105255,0.0
2021-08-24,87.969925,69.11174,58.397285,46.8493,32.99345,11.955269,0.0
2021-08-25,134.02875,68.88393,58.141087,52.36579,33.922935,18.89973,0.0
2021-08-26,146.4372,107.83763,57.905624,52.127422,39.087063,20.238789,0.0
2021-08-27,146.95454,119.23004,87.51991,51.908363,38.82259,26.721287,0.0
2021-08-28,146.055,119.34473,96.817764,73.44975,38.579926,26.399166,8.32365
2021-08-29,140.94342,118.17476,96.65222,80.06851,56.30813,26.10257,7.67659
2021-08-30,140.65349,113.12497,95.43628,79.77005,61.33396,42.72545,7.0807343
2021-08-31,140.39326,112.65062,91.018265,78.73009,60.949833,46.605663,30.79446
2021-09-01,146.36192,112.22426,90.47975,75.40123,60.01102,46.185993,34.41846
2021-09-02,145.37584,117.61302,89.99518,74.91559,57.317215,45.35027,33.964924
2021-09-03,149.7867,116.52017,94.36281,74.478134,56.85887,43.13809,33.138126
2021-09-04,161.62715,120.51239,93.3297,77.54506,56.44501,42.7105,30.994976
2021-09-05,161.23979,131.94183,96.56346,76.7182,58.75094,42.323254,30.549068
2021-09-06,161.024,131.36531,106.51857,78.97945,58.042313,44.098133,30.143639
2021-09-07,160.82716,130.9878,105.843155,86.49565,59.732933,43.48712,31.833023
2021-09-08,142.6527,130.64313,105.375565,85.87256,65.517075,44.767136,31.226986
2021-09-09,137.51814,113.09828,104.94838,85.4276,64.94815,49.118645,32.40867
2021-09-10,128.11012,108.31952,89.86159,85.02074,64.53339,48.622585,36.22968
2021-09-11,115.35989,99.6376,85.95816,73.79619,64.153595,48.25495,35.765213
2021-09-12,98.48401,88.68042,79.13904,71.0085,55.430195,47.917522,35.41647
2021-09-13,98.55278,75.13556,71.012436,66.173294,53.268932,41.134716,35.09519
2021-09-14,98.62424,75.23288,61.13776,60.45683,49.51042,39.381283,28.796707
2021-09-15,87.75708,75.33397,61.237366,53.485886,44.98517,36.240097,26.993267
2021-09-16,88.87402,66.98413,61.34068,53.57771,39.16881,32.195095,23.481094
2021-09-17,91.96141,67.90256,55.367004,53.672886,39.265762,26.366169,18.019535
2021-09-18,90.505936,70.34506,56.06895,49.287556,39.366188,26.47958,7.504032
2021-09-19,102.983444,69.29207,57.86903,49.8348,35.458668,26.597004,7.72665
2021-09-20,103.17079,79.10838,57.156055,51.19066,35.982826,22.01128,7.9578667
2021-09-21,103.37729,79.372574,64.33759,50.69649,37.23338,22.6843,0.0
2021-09-22,94.91611,79.66434,64.6103,56.015427,36.81618,24.214642,0.2338028
2021-09-23,89.04472,73.18036,64.91252,56.263325,41.535297,23.728424,3.2445793
2021-09-24,82.545975,68.69618,60.27892,56.537773,41.79476,28.963543,2.289135
2021-09-25,81.43913,63.822147,57.082928,53.19891,42.082436,29.25837,12.539936
2021-09-26,70.62541,63.059772,53.552406,50.867775,39.247013,29.58466,13.093533
2021-09-27,70.68001,54.93701,53.030594,48.22114,37.199207,26.626236,13.697498
2021-09-28,70.73593,55.010456,46.91978,47.839146,34.78786,24.303295,8.066334
2021-09-29,53.369854,55.085777,46.99606,42.88177,34.457417,21.273476,3.474907
2021-09-30,50.72957,41.657185,47.074207,42.955807,29.569275,20.839241,0.0
2021-10-01,49.953667,39.506,35.9755,43.03175,29.657928,13.126167,0.0
2021-10-02,50.48615,38.882584,34.036335,32.8865,29.748978,13.289391,0.0
2021-10-03,50.66054,39.35657,33.46921,30.818897,17.743221,13.456638,0.0
2021-10-04,50.751057,39.530262,33.922035,30.178658,14.570652,0.0,0.0
2021-10-05,50.85221,39.65021,34.095165,30.70039,13.530655,0.0,0.0
2021-10-06,42.162945,39.78487,34.22659,30.899563,14.398827,0.0,0.0
2021-10-07,40.199852,32.274685,34.374302,31.054615,14.733002,0.0,0.0
2021-10-08,37.784046,30.507435,26.719944,31.227856,15.003174,0.0,0.0
2021-10-09,33.723896,28.242695,24.42342,20.508991,15.304039,0.0,0.0
2021-10-10,26.63287,24.060852,20.920254,17.07978,0.0,0.0,0.0
2021-10-11,26.686924,13.585457,14.021183,11.007927,0.0,0.0,0.0
2021-10-12,26.74567,13.698261,0.0,0.0,0.0,0.0,0.0
2021-10-13,16.230984,13.821793,0.0,0.0,0.0,0.0,0.0
2021-10-14,11.449383,0.0,0.0,0.0,0.0,0.0,0.0
2021-10-15,13.129211,0.0,0.0,0.0,0.0,0.0,0.0
2021-10-16,11.9327545,0.0,0.0,0.0,0.0,0.0,0.0
2021-10-17,13.406429,0.0,0.0,0.0,0.0,0.0,0.0
2021-10-18,13.443226,0.0,0.0,0.0,0.0,0.0,0.0
2021-10-19,13.481323,0.0,0.0,0.0,0.0,0.0,0.0
2021-10-20,4.424999,0.0,0.0,0.0,0.0,0.0,0.0
2021-10-21,5.4114685,0.0,0.0,0.0,0.0,0.0,0.0
2021-10-22,1.4874878,0.0,0.0,0.0,0.0,0.0,0.0
2021-10-23,0.0,0.0,0.0,0.0,0.0,0.0,0.0
2021-10-24,0.0,0.0,0.0,0.0,0.0,0.0,0.0
2021-10-25,0.0,0.0,0.0,0.0,0.0,0.0,0.0
2021-10-26,0.0,0.0,0.0,0.0,0.0,0.0,0.0
2021-10-27,0.0,0.0,0.0,0.0,0.0,0.0,0.0
2021-10-28,0.0,0.0,0.0,0.0,0.0,0.0,0.0
2021-10-29,0.0,0.0,0.0,0.0,0.0,0.0,0.0
2021-10-30,0.0,0.0,0.0,0.0,0.0,0.0,0.0
2021-10-31,0.0,0.0,0.0,0.0,0.0,0.0,0.0
2021-11-01,0.0,0.0,0.0,0.0,0.0,0.0,0.0
2021-11-02,0.0,0.0,0.0,0.0,0.0,0.0,0.0
2021-11-03,0.0,0.0,0.0,0.0,0.0,0.0,0.0
2021-11-04,0.0,0.0,0.0,0.0,0.0,0.0,0.0
2021-11-05,0.0,0.0,0.0,0.0,0.0,0.0,0.0
2021-11-06,0.0,0.0,0.0,0.0,0.0,0.0,0.0
2021-11-07,0.0,0.0,0.0,0.0,0.0,0.0,0.0
2021-11-08,0.0,0.0,0.0,0.0,0.0,0.0,0.0
2021-11-09,0.0,0.0,0.0,0.0,0.0,0.0,0.0
2021-11-10,0.0,0.0,0.0,0.0,0.0,0.0,0.0
2021-11-11,0.0,0.0,0.0,0.0,0.0,0.0,0.0
2021-11-12,0.0,0.0,0.0,0.0,0.0,0.0,0.0
2021-11-13,0.0,0.0,0.0,0.0,0.0,0.0,0.0
2021-11-14,0.0,0.0,0.0,0.0,0.0,0.0,0.0
2021-11-15,0.0,0.0,0.0,0.0,0.0,0.0,0.0
2021-11-16,0.0,0.0,0.0,0.0,0.0,0.0,0.0
2021-11-17,0.0,0.0,0.0,0.0,0.0,0.0,0.0
2021-11-18,0.0,0.0,0.0,0.0,0.0,0.0,0.0
2021-11-19,0.0,0.0,0.0,0.0,0.0,0.0,0.0
2021-11-20,0.0,0.0,0.0,0.0,0.0,0.0,0.0
2021-11-21,0.0,0.0,0.0,0.0,0.0,0.0,0.0
2021-11-22,0.0,0.0,0.0,0.0,0.0,0.0,0.0
2021-11-23,0.0,0.0,0.0,0.0,0.0,0.0,0.0
2021-11-24,0.0,0.0,0.0,0.0,0.0,0.0,0.0
2021-11-25,0.0,0.0,0.0,0.0,0.0,0.0,0.0
2021-11-26,0.0,0.0,0.0,0.0,0.0,0.0,0.0
2021-11-27,0.0,0.0,0.0,0.0,0.0,0.0,0.0
2021-11-28,0.0,0.0,0.0,0.0,0.0,0.0,0.0
2021-11-29,0.0,0.0,0.0,0.0,0.0,0.0,0.0
2021-11-30,0.0,0.0,0.0,0.0,0.0,0.0,0.0
2021-12-01,0.0,0.0,0.0,0.0,0.0,0.0,0.0
2021-12-02,0.0,0.0,0.0,0.0,0.0,0.0,0.0
2021-12-03,0.0,0.0,0.0,0.0,0.0,0.0,0.0
2021-12-04,0.0,0.0,0.0,0.0,0.0,0.0,0.0
2021-12-05,0.0,0.0,0.0,0.0,0.0,0.0,0.0
2021-12-06,0.0,0.0,0.0,0.0,0.0,0.0,0.0
2021-12-07,0.0,0.0,0.0,0.0,0.0,0.0,0.0
2021-12-08,2.2045898,0.0,0.0,0.0,0.0,0.0,0.0
2021-12-09,1.4247093,0.0,0.0,0.0,0.0,0.0,0.0
2021-12-10,0.37431717,0.0,0.0,0.0,0.0,0.0,0.0
2021-12-11,0.0,0.0,0.0,0.0,0.0,0.0,0.0
2021-12-12,0.0,0.0,0.0,0.0,0.0,0.0,0.0
2021-12-13,0.0,0.0,0.0,0.0,0.0,0.0,0.0
2021-12-14,0.0,0.0,0.0,0.0,0.0,0.0,0.0
2021-12-15,0.0,0.0,0.0,0.0,0.0,0.0,0.0
2021-12-16,0.0,0.0,0.0,0.0,0.0,0.0,0.0
2021-12-17,0.0,0.0,0.0,0.0,0.0,0.0,0.0
2021-12-18,0.0,0.0,0.0,0.0,0.0,0.0,0.0
2021-12-19,0.0,0.0,0.0,0.0,0.0,0.0,0.0
2021-12-20,0.0,0.0,0.0,0.0,0.0,0.0,0.0
2021-12-21,0.0,0.0,0.0,0.0,0.0,0.0,0.0
2021-12-22,5.847332,0.0,0.0,0.0,0.0,0.0,0.0
2021-12-23,4.4105606,0.0,0.0,0.0,0.0,0.0,0.0
2021-12-24,11.693443,0.0,0.0,0.0,0.0,0.0,0.0
2021-12-25,19.556885,0.0,0.0,0.0,0.0,0.0,0.0
2021-12-26,19.541023,0.0,0.0,0.0,0.0,0.0,0.0
2021-12-27,19.522339,0.0,0.0,0.0,0.0,0.0,0.0
2021-12-28,19.50938,0.0,0.0,0.0,0.0,0.0,0.0
2021-12-29,19.490768,0.0,0.0,0.0,0.0,0.0,0.0
2021-12-30,19.470615,0.0,0.0,0.0,0.0,0.0,0.0
2021-12-31,38.83738,0.0,0.0,0.0,0.0,0.0,0.0
2022-01-01,48.780373,29.621876,0.0,0.0,0.0,0.0,0.0
2022-01-02,65.31833,38.644352,23.343414,0.0,0.0,0.0,0.0
2022-01-03,65.19472,52.12026,33.596073,15.574833,0.0,0.0,0.0
2022-01-04,65.08057,51.952435,45.395763,30.47816,0.0,0.0,0.0
2022-01-05,64.97653,51.797783,45.217228,41.90753,14.401283,0.0,0.0
2022-01-06,98.04889,51.65711,45.0529,41.731976,29.047596,0.0,0.0
2022-01-07,166.57541,77.33778,44.90382,41.57056,28.82919,12.430119,0.0
2022-01-08,208.06235,139.78986,64.46344,41.42415,28.62849,12.016937,0.0
2022-01-09,218.15074,178.87643,115.9671,57.014107,28.44691,11.635464,0.0
2022-01-10,216.98323,186.13783,153.2329,95.63614,43.292217,11.2893715,0.0
2022-01-11,216.15367,184.19429,159.35394,128.89925,74.03839,31.245728,0.0
2022-01-12,256.96664,182.7867,156.58836,134.00084,102.252884,56.576168,16.599056
2022-01-13,292.47522,217.64545,154.55008,130.73515,106.52478,78.27394,43.012325
2022-01-14,300.63843,245.36705,185.74666,128.33792,102.92784,81.36006,59.46037
2022-01-15,282.17578,251.01622,209.07225,158.28918,100.30104,78.03374,61.54444
2022-01-16,312.67334,234.19472,212.74669,178.76552,128.80074,75.625565,58.73171
2022-01-17,311.63678,260.21838,197.213,181.0298,148.30682,99.78978,56.71029
2022-01-18,310.90118,258.37857,219.12259,166.3678,149.76189,117.509384,75.35013
2022-01-19,310.3413,257.06683,216.9413,185.44127,134.5512,118.23328,89.72627
2022-01-20,365.76514,256.06583,215.38261,182.97572,153.1998,103.43147,89.87489
2022-01-21,369.70093,304.62613,214.17253,181.2252,150.15594,120.67461,77.168976
2022-01-22,370.0904,306.43518,253.97093,179.84114,147.9512,117.32059,91.3479
2022-01-23,347.34326,305.72406,254.46655,214.68486,146.21135,114.88434,88.183304
2022-01-24,347.01093,284.9805,252.9906,214.30261,179.56671,112.97157,85.88545
2022-01-25,346.74142,284.34363,234.63585,212.40215,178.50438,144.91844,84.07265
2022-01-26,346.49326,283.82065,233.85823,195.49394,176.11275,143.23975,112.3786
2022-01-27,346.3689,283.34235,233.21782,194.54958,159.74615,140.39386,110.31459
2022-01-28,302.34155,283.08728,232.6365,193.76793,158.5866,124.137375,107.28392
2022-01-29,300.4135,243.53557,232.31845,193.06195,157.61082,122.827484,92.37973
2022-01-30,302.44318,241.86769,199.28587,192.66605,156.72284,121.7215,91.09242
2022-01-31,302.44275,243.59956,197.80063,163.0808,156.21236,120.71695,90.00389
2022-02-01,302.4613,243.5978,199.3171,161.727,127.08171,120.12912,89.01485
2022-02-02,277.97424,243.63219,199.31377,163.08144,125.768875,93.2415,88.427734
2022-02-03,258.9328,223.28036,199.36073,163.07626,127.054565,92.08661,66.77571
2022-02-04,204.7929,208.09186,181.35953,163.13475,127.04724,93.19487,65.91475
2022-02-05,191.22592,162.04887,168.12215,146.06903,127.118835,93.18645,66.72395
2022-02-06,166.0461,150.16183,125.883316,133.54395,111.01242,93.26135,66.71617
2022-02-07,166.44133,126.85689,115.3461,96.59563,99.57861,79.817474,66.780914
2022-02-08,166.9328,127.54024,95.61333,88.498276,69.327805,70.77251,56.79211
2022-02-09,102.913315,128.38353,96.41127,74.16292,63.482483,48.635223,50.11976
2022-02-10,94.462296,74.17168,97.40309,74.88696,53.038864,44.541477,33.645966
2022-02-11,88.93245,68.39189,57.612972,75.77667,53.677673,36.94054,30.34666
2022-02-12,76.47186,64.69327,53.962738,49.111332,54.45636,37.525276,23.259846
2022-02-13,76.74185,56.01568,51.666866,46.718773,33.825153,38.23152,23.921513
2022-02-14,77.2007,56.364758,45.720745,45.225796,31.773457,18.924816,24.704784
2022-02-15,77.82942,56.957813,46.0646,40.79514,30.47881,15.936504,0.0
2022-02-16,59.97864,57.776524,46.652466,41.11897,26.125393,13.815765,0.0
2022-02-17,60.205048,45.118977,47.47029,41.67665,26.494514,5.718403,0.0
2022-02-18,56.047935,45.66928,38.022858,42.456577,27.147236,6.428566,0.0
2022-02-19,53.786457,42.977898,38.683266,34.475616,28.068523,7.7248573,0.0
2022-02-20,51.79464,41.40945,36.69903,35.19589,19.13438,9.574013,0.0
2022-02-21,52.042835,39.948597,35.452282,33.418827,20.238316,0.0,0.0
2022-02-22,52.36186,40.27695,34.220463,32.20463,18.086758,0.0,0.0
2022-02-23,52.853725,40.702965,34.578693,30.916157,16.411102,0.0,0.0
2022-02-24,24.503483,41.368294,35.045483,31.336529,14.460075,0.0,0.0
2022-02-25,22.788048,9.835674,35.77888,31.875912,15.19873,0.0,0.0
2022-02-26,6.9933434,6.6181526,0.0,32.707394,16.130993,0.0,0.0
2022-02-27,0.0,0.0,0.0,0.0,17.528278,0.0,0.0
2022-02-28,0.0,0.0,0.0,0.0,0.0,0.0,0.0
2022-03-01,0.0,0.0,0.0,0.0,0.0,0.0,0.0
2022-03-02,0.0,0.0,0.0,0.0,0.0,0.0,0.0
2022-03-03,0.0,0.0,0.0,0.0,0.0,0.0,0.0
2022-03-04,0.0,0.0,0.0,0.0,0.0,0.0,0.0
2022-03-05,0.0,0.0,0.0,0.0,0.0,0.0,0.0
2022-03-06,0.0,0.0,0.0,0.0,0.0,0.0,0.0
2022-03-07,0.0,0.0,0.0,0.0,0.0,0.0,0.0
2022-03-08,0.0,0.0,0.0,0.0,0.0,0.0,0.0
2022-03-09,0.0,0.0,0.0,0.0,0.0,0.0,0.0
2022-03-10,0.0,0.0,0.0,0.0,0.0,0.0,0.0
2022-03-11,0.0,0.0,0.0,0.0,0.0,0.0,0.0
2022-03-12,0.0,0.0,0.0,0.0,0.0,0.0,0.0
2022-03-13,0.0,0.0,0.0,0.0,0.0,0.0,0.0
2022-03-14,0.0,0.0,0.0,0.0,0.0,0.0,0.0
2022-03-15,0.0,0.0,0.0,0.0,0.0,0.0,0.0
2022-03-16,0.0,0.0,0.0,0.0,0.0,0.0,0.0
2022-03-17,0.0,0.0,0.0,0.0,0.0,0.0,0.0
2022-03-18,0.0,0.0,0.0,0.0,0.0,0.0,0.0
2022-03-19,0.0,0.0,0.0,0.0,0.0,0.0,0.0
2022-03-20,0.0,0.0,0.0,0.0,0.0,0.0,0.0
2022-03-21,0.0,0.0,0.0,0.0,0.0,0.0,0.0
2022-03-22,0.0,0.0,0.0,0.0,0.0,0.0,0.0
2022-03-23,0.0,0.0,0.0,0.0,0.0,0.0,0.0
2022-03-24,0.0,0.0,0.0,0.0,0.0,0.0,0.0
2022-03-25,0.0,0.0,0.0,0.0,0.0,0.0,0.0
2022-03-26,0.0,0.0,0.0,0.0,0.0,0.0,0.0
2022-03-27,0.0,0.0,0.0,0.0,0.0,0.0,0.0
2022-03-28,0.0,0.0,0.0,0.0,0.0,0.0,0.0
2022-03-29,0.0,0.0,0.0,0.0,0.0,0.0,0.0
2022-03-30,0.0,0.0,0.0,0.0,0.0,0.0,0.0
2022-03-31,0.0,0.0,0.0,0.0,0.0,0.0,0.0
2022-04-01,0.0,0.0,0.0,0.0,0.0,0.0,0.0
2022-04-02,0.0,0.0,0.0,0.0,0.0,0.0,0.0
2022-04-03,0.0,0.0,0.0,0.0,0.0,0.0,0.0
2022-04-04,0.0,0.0,0.0,0.0,0.0,0.0,0.0
2022-04-05,0.0,0.0,0.0,0.0,0.0,0.0,0.0
2022-04-06,0.0,0.0,0.0,0.0,0.0,0.0,0.0
2022-04-07,0.0,0.0,0.0,0.0,0.0,0.0,0.0
2022-04-08,0.0,0.0,0.0,0.0,0.0,0.0,0.0
2022-04-09,0.0,0.0,0.0,0.0,0.0,0.0,0.0
2022-04-10,0.0,0.0,0.0,0.0,0.0,0.0,0.0
2022-04-11,0.0,0.0,0.0,0.0,0.0,0.0,0.0
2022-04-12,0.0,0.0,0.0,0.0,0.0,0.0,0.0
2022-04-13,0.0,0.0,0.0,0.0,0.0,0.0,0.0
2022-04-14,0.0,0.0,0.0,0.0,0.0,0.0,0.0
2022-04-15,0.0,0.0,0.0,0.0,0.0,0.0,0.0
2022-04-16,0.0,0.0,0.0,0.0,0.0,0.0,0.0
2022-04-17,0.0,0.0,0.0,0.0,0.0,0.0,0.0
2022-04-18,0.0,0.0,0.0,0.0,0.0,0.0,0.0
2022-04-19,0.0,0.0,0.0,0.0,0.0,0.0,0.0
2022-04-20,0.0,0.0,0.0,0.0,0.0,0.0,0.0
2022-04-21,0.0,0.0,0.0,0.0,0.0,0.0,0.0
2022-04-22,0.0,0.0,0.0,0.0,0.0,0.0,0.0
2022-04-23,0.0,0.0,0.0,0.0,0.0,0.0,0.0
2022-04-24,0.0,0.0,0.0,0.0,0.0,0.0,0.0
2022-04-25,0.0,0.0,0.0,0.0,0.0,0.0,0.0
2022-04-26,0.0,0.0,0.0,0.0,0.0,0.0,0.0
2022-04-27,0.0,0.0,0.0,0.0,0.0,0.0,0.0
2022-04-28,0.0,0.0,0.0,0.0,0.0,0.0,0.0
2022-04-29,0.0,0.0,0.0,0.0,0.0,0.0,0.0
2022-04-30,0.0,0.0,0.0,0.0,0.0,0.0,0.0
2022-05-01,0.0,0.0,0.0,0.0,0.0,0.0,0.0
2022-05-02,0.0,0.0,0.0,0.0,0.0,0.0,0.0
2022-05-03,0.0,0.0,0.0,0.0,0.0,0.0,0.0
2022-05-04,0.0,0.0,0.0,0.0,0.0,0.0,0.0
2022-05-05,0.0,0.0,0.0,0.0,0.0,0.0,0.0
2022-05-06,0.0,0.0,0.0,0.0,0.0,0.0,0.0
2022-05-07,0.0,0.0,0.0,0.0,0.0,0.0,0.0
2022-05-08,0.0,0.0,0.0,0.0,0.0,0.0,0.0
2022-05-09,0.0,0.0,0.0,0.0,0.0,0.0,0.0
2022-05-10,0.0,0.0,0.0,0.0,0.0,0.0,0.0
2022-05-11,0.0,0.0,0.0,0.0,0.0,0.0,0.0
2022-05-12,0.0,0.0,0.0,0.0,0.0,0.0,0.0
2022-05-13,0.0,0.0,0.0,0.0,0.0,0.0,0.0
2022-05-14,0.0,0.0,0.0,0.0,0.0,0.0,0.0
2022-05-15,0.0,0.0,0.0,0.0,0.0,0.0,0.0
2022-05-16,0.0,0.0,0.0,0.0,0.0,0.0,0.0
2022-05-17,0.0,0.0,0.0,0.0,0.0,0.0,0.0
2022-05-18,0.0,0.0,0.0,0.0,0.0,0.0,0.0
2022-05-19,0.0,0.0,0.0,0.0,0.0,0.0,0.0
2022-05-20,0.0,0.0,0.0,0.0,0.0,0.0,0.0
2022-05-21,0.0,0.0,0.0,0.0,0.0,0.0,0.0
2022-05-22,0.0,0.0,0.0,0.0,0.0,0.0,0.0
2022-05-23,0.0,0.0,0.0,0.0,0.0,0.0,0.0
2022-05-24,0.0,0.0,0.0,0.0,0.0,0.0,0.0
2022-05-25,0.0,0.0,0.0,0.0,0.0,0.0,0.0
2022-05-26,0.0,0.0,0.0,0.0,0.0,0.0,0.0
2022-05-27,0.0,0.0,0.0,0.0,0.0,0.0,0.0
2022-05-28,0.0,0.0,0.0,0.0,0.0,0.0,0.0
2022-05-29,0.0,0.0,0.0,0.0,0.0,0.0,0.0
2022-05-30,0.0,0.0,0.0,0.0,0.0,0.0,0.0
2022-05-31,0.0,0.0,0.0,0.0,0.0,0.0,0.0
2022-06-01,0.0,0.0,0.0,0.0,0.0,0.0,0.0
2022-06-02,0.0,0.0,0.0,0.0,0.0,0.0,0.0
2022-06-03,0.010440826,0.0,0.0,0.0,0.0,0.0,0.0
2022-06-04,0.0,0.0,0.0,0.0,0.0,0.0,0.0
2022-06-05,0.0,0.0,0.0,0.0,0.0,0.0,0.0
2022-06-06,0.0,0.0,0.0,0.0,0.0,0.0,0.0
2022-06-07,0.0,0.0,0.0,0.0,0.0,0.0,0.0
2022-06-08,0.0,0.0,0.0,0.0,0.0,0.0,0.0
2022-06-09,8.012249,0.0,0.0,0.0,0.0,0.0,0.0
2022-06-10,8.003021,0.0,0.0,0.0,0.0,0.0,0.0
2022-06-11,7.994499,0.0,0.0,0.0,0.0,0.0,0.0
2022-06-12,7.9914017,0.0,0.0,0.0,0.0,0.0,0.0
2022-06-13,7.9886513,0.0,0.0,0.0,0.0,0.0,0.0
2022-06-14,7.9866753,0.0,0.0,0.0,0.0,0.0,0.0
2022-06-15,7.9845123,0.0,0.0,0.0,0.0,0.0,0.0
2022-06-16,15.489468,0.0,0.0,0.0,0.0,0.0,0.0
2022-06-17,15.476288,0.0,0.0,0.0,0.0,0.0,0.0
2022-06-18,15.466278,0.0,0.0,0.0,0.0,0.0,0.0
2022-06-19,15.456249,0.0,0.0,0.0,0.0,0.0,0.0
2022-06-20,15.446045,0.0,0.0,0.0,0.0,0.0,0.0
2022-06-21,15.436581,0.0,0.0,0.0,0.0,0.0,0.0
2022-06-22,15.427181,0.0,0.0,0.0,0.0,0.0,0.0
2022-06-23,23.96188,0.0,0.0,0.0,0.0,0.0,0.0
2022-06-24,23.949757,9.2123375,0.0,0.0,0.0,0.0,0.0
2022-06-25,23.937305,9.185871,0.0,0.0,0.0,0.0,0.0
2022-06-26,23.924603,9.158825,0.0,0.0,0.0,0.0,0.0
2022-06-27,23.906734,9.1313095,0.0,0.0,0.0,0.0,0.0
2022-06-28,23.89729,9.092873,0.0,0.0,0.0,0.0,0.0
2022-06-29,23.879635,9.072849,0.0,0.0,0.0,0.0,0.0
2022-06-30,22.32222,9.035011,0.0,0.0,0.0,0.0,0.0
2022-07-01,22.309666,5.832466,0.0,0.0,0.0,0.0,0.0
2022-07-02,22.303009,5.7988777,0.0,0.0,0.0,0.0,0.0
2022-07-03,22.297993,5.7808037,0.0,0.0,0.0,0.0,0.0
2022-07-04,22.292759,5.767273,0.0,0.0,0.0,0.0,0.0
2022-07-05,22.28722,5.7530823,0.0,0.0,0.0,0.0,0.0
2022-07-06,22.290379,5.7380486,0.0,0.0,0.0,0.0,0.0
2022-07-07,22.293537,5.746498,0.0,0.0,0.0,0.0,0.0
2022-07-08,42.638573,5.7549477,0.0,0.0,0.0,0.0,0.0
2022-07-09,42.609943,33.091785,0.0,0.0,0.0,0.0,0.0
2022-07-10,42.582348,33.05328,27.865223,0.0,0.0,0.0,0.0
2022-07-11,42.555195,33.016193,27.815151,22.461224,0.0,0.0,0.0
2022-07-12,42.528183,32.979736,27.766758,22.376736,0.33311844,0.0,0.0
2022-07-13,42.493008,32.943645,27.719257,22.295036,0.15399933,0.0,0.0
2022-07-14,39.643677,32.896732,27.672062,22.215023,0.0,0.0,0.0
2022-07-15,39.622456,30.234997,27.610813,22.135578,0.0,0.0,0.0
2022-07-16,39.601685,30.206463,24.166965,22.03289,0.0,0.0,0.0
2022-07-17,39.580048,30.178604,24.121223,16.780521,0.0,0.0,0.0
2022-07-18,39.558987,30.149612,24.076496,16.70995,0.0,0.0,0.0
2022-07-19,39.538258,30.121521,24.029842,16.640972,0.0,0.0,0.0
2022-07-20,39.518623,30.093754,23.9846,16.568996,0.0,0.0,0.0
2022-07-21,39.09033,30.067593,23.939777,16.499249,0.0,0.0,0.0
2022-07-22,39.06294,29.649174,23.897419,16.430065,0.0,0.0,0.0
2022-07-23,39.066364,29.61279,23.266163,16.364693,0.0,0.0,0.0
2022-07-24,39.068005,29.617397,23.205479,15.400501,0.0,0.0,0.0
2022-07-25,39.067352,29.619606,23.213219,15.304333,0.0,0.0,0.0
2022-07-26,39.067062,29.618801,23.21696,15.3167305,0.0,0.0,0.0
2022-07-27,39.06583,29.618336,23.215595,15.322765,0.0,0.0,0.0
2022-07-28,38.26071,29.61668,23.214806,15.320549,0.0,0.0,0.0
2022-07-29,38.259968,28.842617,23.211998,15.319286,0.0,0.0,0.0
2022-07-30,38.25971,28.84156,21.993809,15.3148,0.0,0.0,0.0
2022-07-31,38.259556,28.841171,21.991924,13.266624,0.0,0.0,0.0
2022-08-01,38.259914,28.841068,21.99121,13.26305,0.0,0.0,0.0
2022-08-02,38.262028,28.841534,21.990993,13.261768,0.0,0.0,0.0
2022-08-03,38.275143,28.84438,21.991894,13.261372,0.0,0.0,0.0
2022-08-04,38.287834,28.862019,21.996914,13.263012,0.0,0.0,0.0
2022-08-05,38.302162,28.879177,22.02821,13.272469,0.0,0.0,0.0
2022-08-06,19.156498,28.898457,22.058674,13.3306465,0.0,0.0,0.0
2022-08-07,19.177998,0.0,22.09299,13.387173,0.0,0.0,0.0
2022-08-08,19.200222,0.0,0.0,13.450386,0.0,0.0,0.0
2022-08-09,19.224468,0.0,0.0,0.0,0.0,0.0,0.0
2022-08-10,19.249523,0.0,0.0,0.0,0.0,0.0,0.0
2022-08-11,36.91778,0.0,0.0,0.0,0.0,0.0,0.0
2022-08-12,36.937614,27.602154,0.0,0.0,0.0,0.0,0.0
2022-08-13,36.938908,27.629604,19.974472,0.0,0.0,0.0,0.0
2022-08-14,36.94106,27.631435,20.026058,8.631668,0.0,0.0,0.0
2022-08-15,36.9407,27.634335,20.029469,8.7746315,0.0,0.0,0.0
2022-08-16,36.940598,27.633915,20.034939,8.784084,0.0,0.0,0.0
2022-08-17,36.939255,27.633675,20.034092,8.799152,0.0,0.0,0.0
2022-08-18,43.45443,27.631779,20.033611,8.796757,0.0,0.0,0.0
2022-08-19,43.425915,33.780636,20.030113,8.795403,0.0,0.0,0.0
2022-08-20,43.398273,33.74232,28.615944,8.785782,0.0,0.0,0.0
2022-08-21,43.373554,33.70534,28.567783,23.637348,0.0,0.0,0.0
2022-08-22,43.348747,33.67276,28.521282,23.556644,2.595623,0.0,0.0
2022-08-23,43.325127,33.64005,28.480732,23.478764,2.4373589,0.0,0.0
2022-08-24,43.301716,33.608913,28.43996,23.411236,2.2840233,0.0,0.0
2022-08-25,34.600193,33.578163,28.40123,23.343342,2.152584,0.0,0.0
2022-08-26,34.60261,25.144905,28.36285,23.278942,2.020153,0.0,0.0
2022-08-27,34.591396,25.148403,15.832798,23.215046,1.894249,0.0,0.0
2022-08-28,34.59419,25.132313,15.838917,0.0,1.7690735,0.0,0.0
2022-08-29,34.596825,25.136303,15.8106575,0.0,0.0,0.0,0.0
2022-08-30,34.6011,25.140095,15.817757,0.0,0.0,0.0,0.0
2022-08-31,34.616665,25.146229,15.824413,0.0,0.0,0.0,0.0
2022-09-01,27.97543,25.168587,15.835316,0.0,0.0,0.0,0.0
2022-09-02,27.996166,15.995712,15.874702,0.0,0.0,0.0,0.0
2022-09-03,28.020157,16.039654,0.0,0.0,0.0,0.0,0.0
2022-09-04,28.042515,16.090622,0.0,0.0,0.0,0.0,0.0
2022-09-05,28.046398,16.138134,0.0,0.0,0.0,0.0,0.0
2022-09-06,28.05048,16.146343,0.0,0.0,0.0,0.0,0.0
2022-09-07,28.054562,16.155064,0.0,0.0,0.0,0.0,0.0
2022-09-08,28.058796,16.16362,0.0,0.0,0.0,0.0,0.0
2022-09-09,22.078568,16.172688,0.0,0.0,0.0,0.0,0.0
2022-09-10,22.078892,5.1838837,0.0,0.0,0.0,0.0,0.0
2022-09-11,22.093163,5.1847954,0.0,0.0,0.0,0.0,0.0
2022-09-12,22.10667,5.225563,0.0,0.0,0.0,0.0,0.0
2022-09-13,22.119389,5.2640457,0.0,0.0,0.0,0.0,0.0
2022-09-14,22.13271,5.3002663,0.0,0.0,0.0,0.0,0.0
2022-09-15,16.593243,5.338051,0.0,0.0,0.0,0.0,0.0
2022-09-16,16.59338,0.0,0.0,0.0,0.0,0.0,0.0
2022-09-17,16.602581,0.0,0.0,0.0,0.0,0.0,0.0
2022-09-18,16.609943,0.0,0.0,0.0,0.0,0.0,0.0
2022-09-19,16.61987,0.0,0.0,0.0,0.0,0.0,0.0
2022-09-20,16.631954,0.0,0.0,0.0,0.0,0.0,0.0
2022-09-21,16.644917,0.0,0.0,0.0,0.0,0.0,0.0
2022-09-22,0.0,0.0,0.0,0.0,0.0,0.0,0.0
2022-09-23,0.0,0.0,0.0,0.0,0.0,0.0,0.0
2022-09-24,0.0,0.0,0.0,0.0,0.0,0.0,0.0
2022-09-25,0.0,0.0,0.0,0.0,0.0,0.0,0.0
2022-09-26,0.0,0.0,0.0,0.0,0.0,0.0,0.0
2022-09-27,0.0,0.0,0.0,0.0,0.0,0.0,0.0
2022-09-28,0.0,0.0,0.0,0.0,0.0,0.0,0.0
2022-09-29,0.0,0.0,0.0,0.0,0.0,0.0,0.0
2022-09-30,0.0,0.0,0.0,0.0,0.0,0.0,0.0
2022-10-01,0.0,0.0,0.0,0.0,0.0,0.0,0.0
2022-10-02,0.0,0.0,0.0,0.0,0.0,0.0,0.0
2022-10-03,0.0,0.0,0.0,0.0,0.0,0.0,0.0
2022-10-04,0.0,0.0,0.0,0.0,0.0,0.0,0.0
2022-10-05,0.0,0.0,0.0,0.0,0.0,0.0,0.0
2022-10-06,0.0,0.0,0.0,0.0,0.0,0.0,0.0
2022-10-07,0.0,0.0,0.0,0.0,0.0,0.0,0.0
2022-10-08,0.0,0.0,0.0,0.0,0.0,0.0,0.0
2022-10-09,0.0,0.0,0.0,0.0,0.0,0.0,0.0
2022-10-10,0.0,0.0,0.0,0.0,0.0,0.0,0.0
2022-10-11,0.0,0.0,0.0,0.0,0.0,0.0,0.0
2022-10-12,0.0,0.0,0.0,0.0,0.0,0.0,0.0
2022-10-13,0.0,0.0,0.0,0.0,0.0,0.0,0.0
2022-10-14,0.0,0.0,0.0,0.0,0.0,0.0,0.0
2022-10-15,0.0,0.0,0.0,0.0,0.0,0.0,0.0
2022-10-16,0.0,0.0,0.0,0.0,0.0,0.0,0.0
2022-10-17,0.0,0.0,0.0,0.0,0.0,0.0,0.0
2022-10-18,0.0,0.0,0.0,0.0,0.0,0.0,0.0
2022-10-19,0.0,0.0,0.0,0.0,0.0,0.0,0.0
2022-10-20,0.0,0.0,0.0,0.0,0.0,0.0,0.0
2022-10-21,0.0,0.0,0.0,0.0,0.0,0.0,0.0
2022-10-22,0.0,0.0,0.0,0.0,0.0,0.0,0.0
2022-10-23,0.0,0.0,0.0,0.0,0.0,0.0,0.0
2022-10-24,0.0,0.0,0.0,0.0,0.0,0.0,0.0
2022-10-25,0.0,0.0,0.0,0.0,0.0,0.0,0.0
2022-10-26,0.0,0.0,0.0,0.0,0.0,0.0,0.0
2022-10-27,0.0,0.0,0.0,0.0,0.0,0.0,0.0
2022-10-28,0.0,0.0,0.0,0.0,0.0,0.0,0.0
2022-10-29,0.0,0.0,0.0,0.0,0.0,0.0,0.0
2022-10-30,0.0,0.0,0.0,0.0,0.0,0.0,0.0
2022-10-31,0.0,0.0,0.0,0.0,0.0,0.0,0.0
2022-11-01,0.0,0.0,0.0,0.0,0.0,0.0,0.0
2022-11-02,0.0,0.0,0.0,0.0,0.0,0.0,0.0
2022-11-03,0.0,0.0,0.0,0.0,0.0,0.0,0.0
2022-11-04,0.0,0.0,0.0,0.0,0.0,0.0,0.0
2022-11-05,0.0,0.0,0.0,0.0,0.0,0.0,0.0
2022-11-06,0.0,0.0,0.0,0.0,0.0,0.0,0.0
2022-11-07,0.0,0.0,0.0,0.0,0.0,0.0,0.0
2022-11-08,0.0,0.0,0.0,0.0,0.0,0.0,0.0
2022-11-09,0.0,0.0,0.0,0.0,0.0,0.0,0.0
2022-11-10,0.0,0.0,0.0,0.0,0.0,0.0,0.0
2022-11-11,0.0,0.0,0.0,0.0,0.0,0.0,0.0
2022-11-12,0.0,0.0,0.0,0.0,0.0,0.0,0.0
2022-11-13,0.0,0.0,0.0,0.0,0.0,0.0,0.0
2022-11-14,0.0,0.0,0.0,0.0,0.0,0.0,0.0
2022-11-15,0.0,0.0,0.0,0.0,0.0,0.0,0.0
2022-11-16,0.0,0.0,0.0,0.0,0.0,0.0,0.0
2022-11-17,0.0,0.0,0.0,0.0,0.0,0.0,0.0
2022-11-18,0.0,0.0,0.0,0.0,0.0,0.0,0.0
2022-11-19,0.0,0.0,0.0,0.0,0.0,0.0,0.0
2022-11-20,0.0,0.0,0.0,0.0,0.0,0.0,0.0
2022-11-21,0.0,0.0,0.0,0.0,0.0,0.0,0.0
2022-11-22,0.0,0.0,0.0,0.0,0.0,0.0,0.0
2022-11-23,0.0,0.0,0.0,0.0,0.0,0.0,0.0
2022-11-24,0.0,0.0,0.0,0.0,0.0,0.0,0.0
2022-11-25,0.0,0.0,0.0,0.0,0.0,0.0,0.0
2022-11-26,0.0,0.0,0.0,0.0,0.0,0.0,0.0
2022-11-27,0.0,0.0,0.0,0.0,0.0,0.0,0.0
2022-11-28,0.0,0.0,0.0,0.0,0.0,0.0,0.0
2022-11-29,0.0,0.0,0.0,0.0,0.0,0.0,0.0
2022-11-30,0.0,0.0,0.0,0.0,0.0,0.0,0.0
2022-12-01,0.0,0.0,0.0,0.0,0.0,0.0,0.0
2022-12-02,0.0,0.0,0.0,0.0,0.0,0.0,0.0
2022-12-03,0.0,0.0,0.0,0.0,0.0,0.0,0.0
2022-12-04,0.0,0.0,0.0,0.0,0.0,0.0,0.0
2022-12-05,0.0,0.0,0.0,0.0,0.0,0.0,0.0
2022-12-06,0.0,0.0,0.0,0.0,0.0,0.0,0.0
2022-12-07,0.0,0.0,0.0,0.0,0.0,0.0,0.0
2022-12-08,0.0,0.0,0.0,0.0,0.0,0.0,0.0
2022-12-09,0.0,0.0,0.0,0.0,0.0,0.0,0.0
2022-12-10,0.0,0.0,0.0,0.0,0.0,0.0,0.0
2022-12-11,0.0,0.0,0.0,0.0,0.0,0.0,0.0
2022-12-12,0.0,0.0,0.0,0.0,0.0,0.0,0.0
2022-12-13,0.0,0.0,0.0,0.0,0.0,0.0,0.0
2022-12-14,0.0,0.0,0.0,0.0,0.0,0.0,0.0
2022-12-15,0.0,0.0,0.0,0.0,0.0,0.0,0.0
2022-12-16,0.0,0.0,0.0,0.0,0.0,0.0,0.0
2022-12-17,0.0,0.0,0.0,0.0,0.0,0.0,0.0
2022-12-18,0.0,0.0,0.0,0.0,0.0,0.0,0.0
2022-12-19,0.0,0.0,0.0,0.0,0.0,0.0,0.0
2022-12-20,0.0,0.0,0.0,0.0,0.0,0.0,0.0
2022-12-21,0.0,0.0,0.0,0.0,0.0,0.0,0.0
2022-12-22,0.0,0.0,0.0,0.0,0.0,0.0,0.0
2022-12-23,0.0,0.0,0.0,0.0,0.0,0.0,0.0
2022-12-24,0.0,0.0,0.0,0.0,0.0,0.0,0.0
2022-12-25,0.0,0.0,0.0,0.0,0.0,0.0,0.0
2022-12-26,0.0,0.0,0.0,0.0,0.0,0.0,0.0
2022-12-27,0.0,0.0,0.0,0.0,0.0,0.0,0.0
2022-12-28,0.0,0.0,0.0,0.0,0.0,0.0,0.0
2022-12-29,0.0,0.0,0.0,0.0,0.0,0.0,0.0
2022-12-30,0.0,0.0,0.0,0.0,0.0,0.0,0.0
2022-12-31,0.0,0.0,0.0,0.0,0.0,0.0,0.0
2023-01-01,0.0,0.0,0.0,0.0,0.0,0.0,0.0
2023-01-02,0.0,0.0,0.0,0.0,0.0,0.0,0.0
2023-01-03,0.0,0.0,0.0,0.0,0.0,0.0,0.0
2023-01-04,0.0,0.0,0.0,0.0,0.0,0.0,0.0
2023-01-05,0.0,0.0,0.0,0.0,0.0,0.0,0.0
2023-01-06,2.7352333,0.0,0.0,0.0,0.0,0.0,0.0
2023-01-07,2.729393,0.0,0.0,0.0,0.0,0.0,0.0
2023-01-08,2.7236404,0.0,0.0,0.0,0.0,0.0,0.0
2023-01-09,2.7181587,0.0,0.0,0.0,0.0,0.0,0.0
2023-01-10,2.7126923,0.0,0.0,0.0,0.0,0.0,0.0
2023-01-11,2.7074509,0.0,0.0,0.0,0.0,0.0,0.0
2023-01-12,18.083385,0.0,0.0,0.0,0.0,0.0,0.0
2023-01-13,18.070316,0.0,0.0,0.0,0.0,0.0,0.0
2023-01-14,18.05748,0.0,0.0,0.0,0.0,0.0,0.0
2023-01-15,18.04514,0.0,0.0,0.0,0.0,0.0,0.0
2023-01-16,18.033123,0.0,0.0,0.0,0.0,0.0,0.0
2023-01-17,18.021877,0.0,0.0,0.0,0.0,0.0,0.0
2023-01-18,18.010761,0.0,0.0,0.0,0.0,0.0,0.0
2023-01-19,18.00008,0.0,0.0,0.0,0.0,0.0,0.0
2023-01-20,2.8404236,0.0,0.0,0.0,0.0,0.0,0.0
2023-01-21,2.8405266,0.0,0.0,0.0,0.0,0.0,0.0
2023-01-22,2.8411026,0.0,0.0,0.0,0.0,0.0,0.0
2023-01-23,2.8414116,0.0,0.0,0.0,0.0,0.0,0.0
2023-01-24,2.84161,0.0,0.0,0.0,0.0,0.0,0.0
2023-01-25,2.8417702,0.0,0.0,0.0,0.0,0.0,0.0
2023-01-26,7.2903748,0.0,0.0,0.0,0.0,0.0,0.0
2023-01-27,7.296139,0.0,0.0,0.0,0.0,0.0,0.0
2023-01-28,7.301979,0.0,0.0,0.0,0.0,0.0,0.0
2023-01-29,7.3081627,0.0,0.0,0.0,0.0,0.0,0.0
2023-01-30,7.3141136,0.0,0.0,0.0,0.0,0.0,0.0
2023-01-31,7.320408,0.0,0.0,0.0,0.0,0.0,0.0
2023-02-01,7.326439,0.0,0.0,0.0,0.0,0.0,0.0
2023-02-02,0.0,0.0,0.0,0.0,0.0,0.0,0.0
2023-02-03,0.0,0.0,0.0,0.0,0.0,0.0,0.0
2023-02-04,0.0,0.0,0.0,0.0,0.0,0.0,0.0
2023-02-05,0.0,0.0,0.0,0.0,0.0,0.0,0.0
2023-02-06,0.0,0.0,0.0,0.0,0.0,0.0,0.0
2023-02-07,0.0,0.0,0.0,0.0,0.0,0.0,0.0
2023-02-08,0.0,0.0,0.0,0.0,0.0,0.0,0.0
2023-02-09,0.0,0.0,0.0,0.0,0.0,0.0,0.0
2023-02-10,0.0,0.0,0.0,0.0,0.0,0.0,0.0
2023-02-11,0.0,0.0,0.0,0.0,0.0,0.0,0.0
2023-02-12,0.0,0.0,0.0,0.0,0.0,0.0,0.0
2023-02-13,0.0,0.0,0.0,0.0,0.0,0.0,0.0
2023-02-14,0.0,0.0,0.0,0.0,0.0,0.0,0.0
2023-02-15,0.0,0.0,0.0,0.0,0.0,0.0,0.0
2023-02-16,0.0,0.0,0.0,0.0,0.0,0.0,0.0
2023-02-17,0.0,0.0,0.0,0.0,0.0,0.0,0.0
2023-02-18,0.0,0.0,0.0,0.0,0.0,0.0,0.0
2023-02-19,0.0,0.0,0.0,0.0,0.0,0.0,0.0
2023-02-20,0.0,0.0,0.0,0.0,0.0,0.0,0.0
2023-02-21,0.0,0.0,0.0,0.0,0.0,0.0,0.0
2023-02-22,0.0,0.0,0.0,0.0,0.0,0.0,0.0
2023-02-23,0.0,0.0,0.0,0.0,0.0,0.0,0.0
2023-02-24,0.0,0.0,0.0,0.0,0.0,0.0,0.0
2023-02-25,0.0,0.0,0.0,0.0,0.0,0.0,0.0
2023-02-26,0.0,0.0,0.0,0.0,0.0,0.0,0.0
2023-02-27,0.0,0.0,0.0,0.0,0.0,0.0,0.0
2023-02-28,0.0,0.0,0.0,0.0,0.0,0.0,0.0
2023-03-01,0.0,0.0,0.0,0.0,0.0,0.0,0.0
2023-03-02,0.0,0.0,0.0,0.0,0.0,0.0,0.0
2023-03-03,0.0,0.0,0.0,0.0,0.0,0.0,0.0
2023-03-04,0.0,0.0,0.0,0.0,0.0,0.0,0.0
2023-03-05,0.0,0.0,0.0,0.0,0.0,0.0,0.0
2023-03-06,0.0,0.0,0.0,0.0,0.0,0.0,0.0
2023-03-07,0.0,0.0,0.0,0.0,0.0,0.0,0.0
2023-03-08,0.0,0.0,0.0,0.0,0.0,0.0,0.0
2023-03-09,0.0,0.0,0.0,0.0,0.0,0.0,0.0
2023-03-10,0.0,0.0,0.0,0.0,0.0,0.0,0.0
2023-03-11,0.0,0.0,0.0,0.0,0.0,0.0,0.0
2023-03-12,0.0,0.0,0.0,0.0,0.0,0.0,0.0
2023-03-13,0.0,0.0,0.0,0.0,0.0,0.0,0.0
2023-03-14,0.0,0.0,0.0,0.0,0.0,0.0,0.0
2023-03-15,0.0,0.0,0.0,0.0,0.0,0.0,0.0
2023-03-16,0.0,0.0,0.0,0.0,0.0,0.0,0.0
2023-03-17,0.0,0.0,0.0,0.0,0.0,0.0,0.0
2023-03-18,0.0,0.0,0.0,0.0,0.0,0.0,0.0
2023-03-19,0.0,0.0,0.0,0.0,0.0,0.0,0.0
2023-03-20,0.0,0.0,0.0,0.0,0.0,0.0,0.0
2023-03-21,0.0,0.0,0.0,0.0,0.0,0.0,0.0
2023-03-22,0.0,0.0,0.0,0.0,0.0,0.0,0.0
2023-03-23,0.0,0.0,0.0,0.0,0.0,0.0,0.0
2023-03-24,0.0,0.0,0.0,0.0,0.0,0.0,0.0
2023-03-25,,0.0,0.0,0.0,0.0,0.0,0.0
2023-03-26,,,0.0,0.0,0.0,0.0,0.0
2023-03-27,,,,0.0,0.0,0.0,0.0
2023-03-28,,,,,0.0,0.0,0.0
2023-03-29,,,,,,0.0,0.0
2023-03-30,,,,,,,0.0
