date,0,1,2,3,4,5,6,cases 7-day averange
2020-03-23,,,,,,,,0.29
2020-03-24,,,,,,,,0.29
2020-03-25,,,,,,,,0.29
2020-03-26,,,,,,,,0.29
2020-03-27,,,,,,,,0.43
2020-03-28,,,,,,,,0.43
2020-03-29,,,,,,,,0.57
2020-03-30,0.0,,,,,,,0.57
2020-03-31,0.0,0.0,,,,,,0.38
2020-04-01,0.0,0.0,0.0,,,,,0.38
2020-04-02,0.0,0.0,0.0,0.0,,,,0.38
2020-04-03,0.0,0.0,0.0,0.0,0.0,,,0.38
2020-04-04,0.0,0.0,0.0,0.0,0.0,0.0,,0.63
2020-04-05,0.0,0.0,0.0,0.0,0.0,0.0,0.0,0.63
2020-04-06,0.0,0.0,0.0,0.0,0.0,0.0,0.0,0.63
2020-04-07,0.0,0.0,0.0,0.0,0.0,0.0,0.0,0.57
2020-04-08,0.0,0.0,0.0,0.0,0.0,0.0,0.0,0.75
2020-04-09,0.0,0.0,0.0,0.0,0.0,0.0,0.0,0.78
2020-04-10,0.0,0.0,0.0,0.0,0.0,0.0,0.0,0.78
2020-04-11,0.0,0.0,0.0,0.0,0.0,0.0,0.0,0.71
2020-04-12,0.0,0.0,0.0,0.0,0.0,0.0,0.0,0.75
2020-04-13,0.0,0.0,0.0,0.0,0.0,0.0,0.0,0.75
2020-04-14,0.0,0.0,0.0,0.0,0.0,0.0,0.0,0.75
2020-04-15,0.0,0.0,0.0,0.0,0.0,0.0,0.0,0.75
2020-04-16,0.0,0.0,0.0,0.0,0.0,0.0,0.0,0.75
2020-04-17,0.0,0.0,0.0,0.0,0.0,0.0,0.0,0.75
2020-04-18,0.0,0.0,0.0,0.0,0.0,0.0,0.0,0.43
2020-04-19,0.0,0.0,0.0,0.0,0.0,0.0,0.0,0.43
2020-04-20,0.0,0.0,0.0,0.0,0.0,0.0,0.0,0.43
2020-04-21,0.0,0.0,0.0,0.0,0.0,0.0,0.0,0.56
2020-04-22,0.0,0.0,0.0,0.0,0.0,0.0,0.0,0.56
2020-04-23,0.0,0.0,0.0,0.0,0.0,0.0,0.0,0.55
2020-04-24,0.0,0.0,0.0,0.0,0.0,0.0,0.0,0.55
2020-04-25,0.0,0.0,0.0,0.0,0.0,0.0,0.0,0.55
2020-04-26,0.0,0.0,0.0,0.0,0.0,0.0,0.0,0.71
2020-04-27,0.0,0.0,0.0,0.0,0.0,0.0,0.0,0.88
2020-04-28,0.0,0.0,0.0,0.0,0.0,0.0,0.0,0.88
2020-04-29,0.0,0.0,0.0,0.0,0.0,0.0,0.0,0.88
2020-04-30,0.0,0.0,0.0,0.0,0.0,0.0,0.0,0.88
2020-05-01,0.0,0.0,0.0,0.0,0.0,0.0,0.0,0.88
2020-05-02,0.0,0.0,0.0,0.0,0.0,0.0,0.0,0.56
2020-05-03,0.0,0.0,0.0,0.0,0.0,0.0,0.0,0.57
2020-05-04,0.0,0.0,0.0,0.0,0.0,0.0,0.0,0.43
2020-05-05,0.0,0.0,0.0,0.0,0.0,0.0,0.0,0.63
2020-05-06,0.0,0.0,0.0,0.0,0.0,0.0,0.0,0.78
2020-05-07,0.0,0.0,0.0,0.0,0.0,0.0,0.0,0.8
2020-05-08,0.0,0.0,0.0,0.0,0.0,0.0,0.0,1.09
2020-05-09,0.0,0.0,0.0,0.0,0.0,0.0,0.0,1.71
2020-05-10,0.0,0.0,0.0,0.0,0.0,0.0,0.0,1.71
2020-05-11,0.0,0.0,0.0,0.0,0.0,0.0,0.0,1.71
2020-05-12,0.0,0.0,0.0,0.0,0.0,0.0,0.0,1.43
2020-05-13,0.0,0.0,0.0,0.0,0.0,0.0,0.0,1.43
2020-05-14,0.0,0.0,0.0,0.0,0.0,0.0,0.0,1.29
2020-05-15,0.0,0.0,0.0,0.0,0.0,0.0,0.0,0.86
2020-05-16,0.0,0.0,0.0,0.0,0.0,0.0,0.0,0.86
2020-05-17,0.0,0.0,0.0,0.0,0.0,0.0,0.0,0.86
2020-05-18,0.0,0.0,0.0,0.0,0.0,0.0,0.0,0.86
2020-05-19,0.0,0.0,0.0,0.0,0.0,0.0,0.0,0.86
2020-05-20,0.0,0.0,0.0,0.0,0.0,0.0,0.0,0.86
2020-05-21,0.0,0.0,0.0,0.0,0.0,0.0,0.0,0.86
2020-05-22,0.0,0.0,0.0,0.0,0.0,0.0,0.0,0.29
2020-05-23,0.0,0.0,0.0,0.0,0.0,0.0,0.0,0.29
2020-05-24,0.0,0.0,0.0,0.0,0.0,0.0,0.0,0.75
2020-05-25,0.0,0.0,0.0,0.0,0.0,0.0,0.0,0.75
2020-05-26,0.0,0.0,0.0,0.0,0.0,0.0,0.0,0.75
2020-05-27,0.0,0.0,0.0,0.0,0.0,0.0,0.0,0.64
2020-05-28,0.0,0.0,0.0,0.0,0.0,0.0,0.0,0.67
2020-05-29,0.0,0.0,0.0,0.0,0.0,0.0,0.0,1.14
2020-05-30,0.0,0.0,0.0,0.0,0.0,0.0,0.0,1.14
2020-05-31,0.0,0.0,0.0,0.0,0.0,0.0,0.0,1.14
2020-06-01,0.0,0.0,0.0,0.0,0.0,0.0,0.0,0.88
2020-06-02,0.0,0.0,0.0,0.0,0.0,0.0,0.0,0.89
2020-06-03,0.0,0.0,0.0,0.0,0.0,0.0,0.0,0.89
2020-06-04,0.0,0.0,0.0,0.0,0.0,0.0,0.0,0.89
2020-06-05,0.0,0.0,0.0,0.0,0.0,0.0,0.0,1.0
2020-06-06,0.0,0.0,0.0,0.0,0.0,0.0,0.0,1.14
2020-06-07,0.0,0.0,0.0,0.0,0.0,0.0,0.0,1.13
2020-06-08,0.0,0.0,0.0,0.0,0.0,0.0,0.0,1.33
2020-06-09,0.0,0.0,0.0,0.0,0.0,0.0,0.0,1.33
2020-06-10,0.0,0.0,0.0,0.0,0.0,0.0,0.0,1.57
2020-06-11,0.0,0.0,0.0,0.0,0.0,0.0,0.0,2.0
2020-06-12,0.0,0.0,0.0,0.0,0.0,0.0,0.0,2.57
2020-06-13,0.0,0.0,0.0,0.0,0.0,0.0,0.0,2.71
2020-06-14,0.0,0.0,0.0,0.0,0.0,0.0,0.0,3.29
2020-06-15,0.0,0.0,0.0,0.0,0.0,0.0,0.0,3.71
2020-06-16,0.0,0.0,0.0,0.0,0.0,0.0,0.0,4.13
2020-06-17,0.0,0.0,0.0,0.0,0.0,0.0,0.0,4.29
2020-06-18,0.0,0.0,0.0,0.0,0.0,0.0,0.0,4.29
2020-06-19,0.0,0.0,0.0,0.0,0.0,0.0,0.0,4.57
2020-06-20,0.0,0.0,0.0,0.0,0.0,0.0,0.0,4.86
2020-06-21,0.0,0.0,0.0,0.0,0.0,0.0,0.0,7.86
2020-06-22,0.0,0.0,0.0,0.0,0.0,0.0,0.0,9.57
2020-06-23,0.0,0.0,0.0,0.0,0.0,0.0,0.0,9.57
2020-06-24,0.0,0.0,0.0,0.0,0.0,0.0,0.0,10.71
2020-06-25,0.0,0.0,0.0,0.0,0.0,0.0,0.0,12.86
2020-06-26,0.0,0.0,0.0,0.0,0.0,0.0,0.0,14.86
2020-06-27,0.0,0.0,0.0,0.0,0.0,0.0,0.0,18.71
2020-06-28,0.0,0.0,0.0,0.0,0.0,0.0,0.0,20.86
2020-06-29,0.0,0.0,0.0,0.0,0.0,0.0,0.0,18.29
2020-06-30,0.0,0.0,0.0,0.0,0.0,0.0,0.0,16.86
2020-07-01,0.0,0.0,0.0,0.0,0.0,0.0,0.0,16.29
2020-07-02,0.0,0.0,0.0,0.0,0.0,0.0,0.0,16.71
2020-07-03,0.0,0.0,0.0,0.0,0.0,0.0,0.0,16.0
2020-07-04,0.0,0.0,0.0,0.0,0.0,0.0,0.0,13.43
2020-07-05,0.0,0.0,0.0,0.0,0.0,0.0,0.0,12.29
2020-07-06,0.0,0.0,0.0,0.0,0.0,0.0,0.0,11.71
2020-07-07,0.0,0.0,0.0,0.0,0.0,0.0,0.0,12.86
2020-07-08,0.0,0.0,0.0,0.0,0.0,0.0,0.0,12.43
2020-07-09,0.0,0.0,0.0,0.0,0.0,0.0,0.0,11.86
2020-07-10,0.0,0.0,0.0,0.0,0.0,0.0,0.0,15.29
2020-07-11,0.0,0.0,0.0,0.0,0.0,0.0,0.0,15.71
2020-07-12,0.0,0.0,0.0,0.0,0.0,0.0,0.0,16.14
2020-07-13,0.0,0.0,0.0,0.0,0.0,0.0,0.0,16.29
2020-07-14,0.0,0.0,0.0,0.0,0.0,0.0,0.0,15.71
2020-07-15,0.0,0.0,0.0,0.0,0.0,0.0,0.0,16.71
2020-07-16,0.0,0.0,0.0,0.0,0.0,0.0,0.0,17.0
2020-07-17,0.0,0.0,0.0,0.0,0.0,0.0,0.0,14.29
2020-07-18,0.0,0.0,0.0,0.0,0.0,0.0,0.0,16.71
2020-07-19,0.0,0.0,0.0,0.0,0.0,0.0,0.0,16.86
2020-07-20,0.0,0.0,0.0,0.0,0.0,0.0,0.0,17.43
2020-07-21,0.0,0.0,0.0,0.0,0.0,0.0,0.0,16.71
2020-07-22,0.0,0.0,0.0,0.0,0.0,0.0,0.0,15.71
2020-07-23,0.0,0.0,0.0,0.0,0.0,0.0,0.0,17.57
2020-07-24,0.0,0.0,0.0,0.0,0.0,0.0,0.0,17.29
2020-07-25,0.0,0.0,0.0,0.0,0.0,0.0,0.0,12.57
2020-07-26,0.0,0.0,0.0,0.0,0.0,0.0,0.0,12.29
2020-07-27,0.0,0.0,0.0,0.0,0.0,0.0,0.0,13.14
2020-07-28,0.0,0.0,0.0,0.0,0.0,0.0,0.0,13.43
2020-07-29,0.0,0.0,0.0,0.0,0.0,0.0,0.0,13.0
2020-07-30,0.0,0.0,0.0,0.0,0.0,0.0,0.0,12.0
2020-07-31,0.0,0.0,0.0,0.0,0.0,0.0,0.0,12.0
2020-08-01,0.0,0.0,0.0,0.0,0.0,0.0,0.0,15.0
2020-08-02,0.0,0.0,0.0,0.0,0.0,0.0,0.0,14.14
2020-08-03,0.0,0.0,0.0,0.0,0.0,0.0,0.0,13.29
2020-08-04,0.0,0.0,0.0,0.0,0.0,0.0,0.0,12.86
2020-08-05,0.0,0.0,0.0,0.0,0.0,0.0,0.0,13.57
2020-08-06,0.0,0.0,0.0,0.0,0.0,0.0,0.0,12.57
2020-08-07,0.0,0.0,0.0,0.0,0.0,0.0,0.0,12.29
2020-08-08,0.0,0.0,0.0,0.0,0.0,0.0,0.0,11.0
2020-08-09,0.0,0.0,0.0,0.0,0.0,0.0,0.0,11.57
2020-08-10,0.0,0.0,0.0,0.0,0.0,0.0,0.0,12.0
2020-08-11,0.0,0.0,0.0,0.0,0.0,0.0,0.0,11.86
2020-08-12,0.0,0.0,0.0,0.0,0.0,0.0,0.0,10.86
2020-08-13,0.0,0.0,0.0,0.0,0.0,0.0,0.0,9.57
2020-08-14,0.0,0.0,0.0,0.0,0.0,0.0,0.0,8.86
2020-08-15,0.0,0.0,0.0,0.0,0.0,0.0,0.0,8.14
2020-08-16,0.0,0.0,0.0,0.0,0.0,0.0,0.0,7.14
2020-08-17,0.0,0.0,0.0,0.0,0.0,0.0,0.0,6.14
2020-08-18,0.0,0.0,0.0,0.0,0.0,0.0,0.0,6.57
2020-08-19,0.0,0.0,0.0,0.0,0.0,0.0,0.0,6.29
2020-08-20,0.0,0.0,0.0,0.0,0.0,0.0,0.0,7.0
2020-08-21,0.0,0.0,0.0,0.0,0.0,0.0,0.0,8.57
2020-08-22,0.0,0.0,0.0,0.0,0.0,0.0,0.0,8.71
2020-08-23,0.0,0.0,0.0,0.0,0.0,0.0,0.0,9.86
2020-08-24,0.0,0.0,0.0,0.0,0.0,0.0,0.0,11.14
2020-08-25,0.0,0.0,0.0,0.0,0.0,0.0,0.0,15.0
2020-08-26,0.0,0.0,0.0,0.0,0.0,0.0,0.0,15.29
2020-08-27,0.0,0.0,0.0,0.0,0.0,0.0,0.0,13.71
2020-08-28,0.0,0.0,0.0,0.0,0.0,0.0,0.0,14.86
2020-08-29,0.0,0.0,0.0,0.0,0.0,0.0,0.0,15.14
2020-08-30,0.0,0.0,0.0,0.0,0.0,0.0,0.0,16.57
2020-08-31,0.0,0.0,0.0,0.0,0.0,0.0,0.0,16.71
2020-09-01,0.0,0.0,0.0,0.0,0.0,0.0,0.0,12.43
2020-09-02,0.0,0.0,0.0,0.0,0.0,0.0,0.0,13.57
2020-09-03,0.0,0.0,0.0,0.0,0.0,0.0,0.0,16.86
2020-09-04,0.0,0.0,0.0,0.0,0.0,0.0,0.0,15.43
2020-09-05,0.0,0.0,0.0,0.0,0.0,0.0,0.0,17.14
2020-09-06,0.0,0.0,0.0,0.0,0.0,0.0,0.0,16.0
2020-09-07,0.0,0.0,0.0,0.0,0.0,0.0,0.0,18.14
2020-09-08,0.0,0.0,0.0,0.0,0.0,0.0,0.0,18.14
2020-09-09,0.0,0.0,0.0,0.0,0.0,0.0,0.0,18.14
2020-09-10,0.0,0.0,0.0,0.0,0.0,0.0,0.0,18.14
2020-09-11,0.0,0.0,0.0,0.0,0.0,0.0,0.0,16.71
2020-09-12,0.0,0.0,0.0,0.0,0.0,0.0,0.0,17.14
2020-09-13,0.0,0.0,0.0,0.0,0.0,0.0,0.0,17.57
2020-09-14,0.0,0.0,0.0,0.0,0.0,0.0,0.0,16.86
2020-09-15,0.0,0.0,0.0,0.0,0.0,0.0,0.0,14.0
2020-09-16,0.0,0.0,0.0,0.0,0.0,0.0,0.0,14.14
2020-09-17,0.0,0.0,0.0,0.0,0.0,0.0,0.0,14.13
2020-09-18,0.0,0.0,0.0,0.0,0.0,0.0,0.0,14.0
2020-09-19,0.0,0.0,0.0,0.0,0.0,0.0,0.0,12.0
2020-09-20,0.0,0.0,0.0,0.0,0.0,0.0,0.0,9.29
2020-09-21,0.0,0.0,0.0,0.0,0.0,0.0,0.0,9.0
2020-09-22,0.0,0.0,0.0,0.0,0.0,0.0,0.0,9.0
2020-09-23,0.0,0.0,0.0,0.0,0.0,0.0,0.0,8.71
2020-09-24,0.0,0.0,0.0,0.0,0.0,0.0,0.0,9.29
2020-09-25,0.0,0.0,0.0,0.0,0.0,0.0,0.0,9.29
2020-09-26,0.0,0.0,0.0,0.0,0.0,0.0,0.0,11.43
2020-09-27,0.0,0.0,0.0,0.0,0.0,0.0,0.0,11.29
2020-09-28,0.0,0.0,0.0,0.0,0.0,0.0,0.0,11.29
2020-09-29,0.0,0.0,0.0,0.0,0.0,0.0,0.0,48.43
2020-09-30,0.0,0.0,0.0,0.0,0.0,0.0,0.0,47.71
2020-10-01,0.0,0.0,0.0,0.0,0.0,0.0,0.0,56.29
2020-10-02,0.0,0.0,0.0,0.0,0.0,0.0,0.0,56.86
2020-10-03,5.002062,0.0,0.0,0.0,0.0,0.0,0.0,66.43
2020-10-04,5.6202564,0.0,0.0,0.0,0.0,0.0,0.0,74.86
2020-10-05,15.809679,0.0,0.0,0.0,0.0,0.0,0.0,77.0
2020-10-06,24.67592,0.0,0.0,0.0,0.0,0.0,0.0,41.14
2020-10-07,26.837236,0.0,0.0,0.0,0.0,0.0,0.0,42.14
2020-10-08,0.0,0.0,0.0,0.0,0.0,0.0,0.0,37.86
2020-10-09,0.0,0.0,0.0,0.0,0.0,0.0,0.0,43.0
2020-10-10,0.0,0.0,0.0,0.0,0.0,0.0,0.0,33.86
2020-10-11,0.0,0.0,0.0,0.0,0.0,0.0,0.0,28.0
2020-10-12,0.0,0.0,0.0,0.0,0.0,0.0,0.0,29.71
2020-10-13,0.0,0.0,0.0,0.0,0.0,0.0,0.0,28.29
2020-10-14,0.0,0.0,0.0,0.0,0.0,0.0,0.0,28.43
2020-10-15,0.0,0.0,0.0,0.0,0.0,0.0,0.0,29.29
2020-10-16,0.0,0.0,0.0,0.0,0.0,0.0,0.0,25.71
2020-10-17,0.0,0.0,0.0,0.0,0.0,0.0,0.0,24.14
2020-10-18,0.0,0.0,0.0,0.0,0.0,0.0,0.0,22.71
2020-10-19,0.0,0.0,0.0,0.0,0.0,0.0,0.0,19.71
2020-10-20,0.0,0.0,0.0,0.0,0.0,0.0,0.0,20.0
2020-10-21,0.0,0.0,0.0,0.0,0.0,0.0,0.0,21.29
2020-10-22,0.0,0.0,0.0,0.0,0.0,0.0,0.0,18.14
2020-10-23,0.0,0.0,0.0,0.0,0.0,0.0,0.0,16.43
2020-10-24,0.0,0.0,0.0,0.0,0.0,0.0,0.0,16.86
2020-10-25,0.0,0.0,0.0,0.0,0.0,0.0,0.0,18.57
2020-10-26,0.0,0.0,0.0,0.0,0.0,0.0,0.0,18.29
2020-10-27,0.0,0.0,0.0,0.0,0.0,0.0,0.0,17.71
2020-10-28,0.0,0.0,0.0,0.0,0.0,0.0,0.0,15.43
2020-10-29,0.0,0.0,0.0,0.0,0.0,0.0,0.0,17.14
2020-10-30,0.0,0.0,0.0,0.0,0.0,0.0,0.0,17.29
2020-10-31,0.0,0.0,0.0,0.0,0.0,0.0,0.0,16.86
2020-11-01,0.0,0.0,0.0,0.0,0.0,0.0,0.0,17.0
2020-11-02,0.0,0.0,0.0,0.0,0.0,0.0,0.0,17.71
2020-11-03,0.0,0.0,0.0,0.0,0.0,0.0,0.0,19.0
2020-11-04,0.0,0.0,0.0,0.0,0.0,0.0,0.0,19.86
2020-11-05,0.0,0.0,0.0,0.0,0.0,0.0,0.0,15.0
2020-11-06,0.0,0.0,0.0,0.0,0.0,0.0,0.0,16.43
2020-11-07,0.0,0.0,0.0,0.0,0.0,0.0,0.0,17.57
2020-11-08,0.0,0.0,0.0,0.0,0.0,0.0,0.0,15.43
2020-11-09,0.0,0.0,0.0,0.0,0.0,0.0,0.0,14.57
2020-11-10,0.0,0.0,0.0,0.0,0.0,0.0,0.0,15.57
2020-11-11,0.0,0.0,0.0,0.0,0.0,0.0,0.0,15.57
2020-11-12,0.0,0.0,0.0,0.0,0.0,0.0,0.0,17.71
2020-11-13,0.0,0.0,0.0,0.0,0.0,0.0,0.0,19.86
2020-11-14,0.0,0.0,0.0,0.0,0.0,0.0,0.0,19.71
2020-11-15,0.0,0.0,0.0,0.0,0.0,0.0,0.0,22.0
2020-11-16,0.0,0.0,0.0,0.0,0.0,0.0,0.0,24.29
2020-11-17,0.0,0.0,0.0,0.0,0.0,0.0,0.0,25.57
2020-11-18,0.0,0.0,0.0,0.0,0.0,0.0,0.0,27.43
2020-11-19,0.0,0.0,0.0,0.0,0.0,0.0,0.0,30.29
2020-11-20,0.0,0.0,0.0,0.0,0.0,0.0,0.0,30.43
2020-11-21,0.0,0.0,0.0,0.0,0.0,0.0,0.0,34.14
2020-11-22,0.0,0.0,0.0,0.0,0.0,0.0,0.0,35.71
2020-11-23,0.0,0.0,0.0,0.0,0.0,0.0,0.0,34.43
2020-11-24,0.0,0.0,0.0,0.0,0.0,0.0,0.0,37.43
2020-11-25,0.0,0.0,0.0,0.0,0.0,0.0,0.0,40.71
2020-11-26,0.0,0.0,0.0,0.0,0.0,0.0,0.0,40.71
2020-11-27,0.0,0.0,0.0,0.0,0.0,0.0,0.0,37.86
2020-11-28,0.0,0.0,0.0,0.0,0.0,0.0,0.0,43.43
2020-11-29,0.0,0.0,0.0,0.0,0.0,0.0,0.0,41.29
2020-11-30,0.0,0.0,0.0,0.0,0.0,0.0,0.0,44.14
2020-12-01,0.0,0.0,0.0,0.0,0.0,0.0,0.0,42.71
2020-12-02,0.0,0.0,0.0,0.0,0.0,0.0,0.0,41.86
2020-12-03,0.0,0.0,0.0,0.0,0.0,0.0,0.0,44.38
2020-12-04,0.0,0.0,0.0,0.0,0.0,0.0,0.0,52.43
2020-12-05,0.0,0.0,0.0,0.0,0.0,0.0,0.0,49.57
2020-12-06,0.8843248,0.0,0.0,0.0,0.0,0.0,0.0,53.43
2020-12-07,0.0,0.0,0.0,0.0,0.0,0.0,0.0,57.14
2020-12-08,1.9290025,0.0,0.0,0.0,0.0,0.0,0.0,57.29
2020-12-09,5.8830433,0.0,0.0,0.0,0.0,0.0,0.0,58.57
2020-12-10,6.041445,0.0,0.0,0.0,0.0,0.0,0.0,56.57
2020-12-11,7.41292,0.0,0.0,0.0,0.0,0.0,0.0,54.86
2020-12-12,5.250231,0.0,0.0,0.0,0.0,0.0,0.0,56.71
2020-12-13,3.4181535,0.0,0.0,0.0,0.0,0.0,0.0,59.29
2020-12-14,5.396181,0.0,0.0,0.0,0.0,0.0,0.0,58.57
2020-12-15,8.162905,0.0,0.0,0.0,0.0,0.0,0.0,57.29
2020-12-16,7.3945637,0.0,0.0,0.0,0.0,0.0,0.0,56.86
2020-12-17,6.0162373,0.0,0.0,0.0,0.0,0.0,0.0,61.29
2020-12-18,5.5468464,0.0,0.0,0.0,0.0,0.0,0.0,64.29
2020-12-19,10.279802,0.0,0.0,0.0,0.0,0.0,0.0,64.57
2020-12-20,13.4628315,0.0,0.0,0.0,0.0,0.0,0.0,63.29
2020-12-21,13.757036,0.0,0.0,0.0,0.0,0.0,0.0,61.86
2020-12-22,12.386248,0.0,0.0,0.0,0.0,0.0,0.0,63.57
2020-12-23,10.867693,0.0,0.0,0.0,0.0,0.0,0.0,67.86
2020-12-24,12.6811695,0.0,0.0,0.0,0.0,0.0,0.0,66.14
2020-12-25,17.19678,0.0,0.0,0.0,0.0,0.0,0.0,66.14
2020-12-26,15.400377,0.0,0.0,0.0,0.0,0.0,0.0,57.71
2020-12-27,15.397371,0.0,0.0,0.0,0.0,0.0,0.0,66.71
2020-12-28,6.4398518,0.0,0.0,0.0,0.0,0.0,0.0,64.14
2020-12-29,15.989794,0.0,0.0,0.0,0.0,0.0,0.0,64.86
2020-12-30,13.275377,0.0,0.0,0.0,0.0,0.0,0.0,63.29
2020-12-31,14.038469,0.0,0.0,0.0,0.0,0.0,0.0,60.71
2021-01-01,12.36162,0.0,0.0,0.0,0.0,0.0,0.0,60.71
2021-01-02,9.629641,0.0,0.0,0.0,0.0,0.0,0.0,59.57
2021-01-03,9.628313,0.0,0.0,0.0,0.0,0.0,0.0,63.57
2021-01-04,8.409441,0.0,0.0,0.0,0.0,0.0,0.0,66.0
2021-01-05,12.656847,0.0,0.0,0.0,0.0,0.0,0.0,70.43
2021-01-06,15.232744,0.0,0.0,0.0,0.0,0.0,0.0,68.86
2021-01-07,19.90729,0.0,0.0,0.0,0.0,0.0,0.0,69.71
2021-01-08,18.218996,0.0,0.0,0.0,0.0,0.0,0.0,80.25
2021-01-09,19.134874,0.0,0.0,0.0,0.0,0.0,0.0,87.71
2021-01-10,30.011652,0.0,0.0,0.0,0.0,0.0,0.0,80.57
2021-01-11,37.66445,0.0,0.0,0.0,0.0,0.0,0.0,78.43
2021-01-12,30.328936,1.399019,0.0,0.0,0.0,0.0,0.0,70.57
2021-01-13,28.143251,0.0,0.0,0.0,0.0,0.0,0.0,78.29
2021-01-14,20.039568,0.0,0.0,0.0,0.0,0.0,0.0,84.14
2021-01-15,27.995913,0.0,0.0,0.0,0.0,0.0,0.0,74.0
2021-01-16,33.97178,0.0,0.0,0.0,0.0,0.0,0.0,85.14
2021-01-17,23.64586,0.0,0.0,0.0,0.0,0.0,0.0,86.14
2021-01-18,34.998734,0.0,0.0,0.0,0.0,0.0,0.0,87.43
2021-01-19,36.025955,0.0,0.0,0.0,0.0,0.0,0.0,89.29
2021-01-20,37.348633,0.0,0.0,0.0,0.0,0.0,0.0,80.0
2021-01-21,39.251045,1.0972154,0.0,0.0,0.0,0.0,0.0,77.14
2021-01-22,29.72101,2.8657243,0.0,0.0,0.0,0.0,0.0,78.57
2021-01-23,26.813234,0.0,0.0,0.0,0.0,0.0,0.0,69.57
2021-01-24,28.259752,0.0,0.0,0.0,0.0,0.0,0.0,70.29
2021-01-25,18.94707,0.0,0.0,0.0,0.0,0.0,0.0,74.86
2021-01-26,19.716265,0.0,0.0,0.0,0.0,0.0,0.0,73.29
2021-01-27,24.502596,0.0,0.0,0.0,0.0,0.0,0.0,72.0
2021-01-28,22.886995,0.0,0.0,0.0,0.0,0.0,0.0,73.0
2021-01-29,21.528658,0.0,0.0,0.0,0.0,0.0,0.0,69.0
2021-01-30,22.580782,0.0,0.0,0.0,0.0,0.0,0.0,68.14
2021-01-31,18.323458,0.0,0.0,0.0,0.0,0.0,0.0,58.14
2021-02-01,17.413668,0.0,0.0,0.0,0.0,0.0,0.0,53.71
2021-02-02,6.8469105,0.0,0.0,0.0,0.0,0.0,0.0,53.14
2021-02-03,2.1081865,0.0,0.0,0.0,0.0,0.0,0.0,53.43
2021-02-04,1.5090349,0.0,0.0,0.0,0.0,0.0,0.0,47.43
2021-02-05,1.8164995,0.0,0.0,0.0,0.0,0.0,0.0,47.14
2021-02-06,0.0,0.0,0.0,0.0,0.0,0.0,0.0,41.43
2021-02-07,0.0,0.0,0.0,0.0,0.0,0.0,0.0,40.14
2021-02-08,0.0,0.0,0.0,0.0,0.0,0.0,0.0,38.0
2021-02-09,0.0,0.0,0.0,0.0,0.0,0.0,0.0,36.71
2021-02-10,0.0,0.0,0.0,0.0,0.0,0.0,0.0,36.43
2021-02-11,0.0,0.0,0.0,0.0,0.0,0.0,0.0,37.57
2021-02-12,0.0,0.0,0.0,0.0,0.0,0.0,0.0,34.43
2021-02-13,0.0,0.0,0.0,0.0,0.0,0.0,0.0,34.14
2021-02-14,0.0,0.0,0.0,0.0,0.0,0.0,0.0,37.29
2021-02-15,0.0,0.0,0.0,0.0,0.0,0.0,0.0,35.14
2021-02-16,0.0,0.0,0.0,0.0,0.0,0.0,0.0,35.57
2021-02-17,0.0,0.0,0.0,0.0,0.0,0.0,0.0,34.14
2021-02-18,0.0,0.0,0.0,0.0,0.0,0.0,0.0,34.29
2021-02-19,0.0,0.0,0.0,0.0,0.0,0.0,0.0,32.43
2021-02-20,0.0,0.0,0.0,0.0,0.0,0.0,0.0,30.86
2021-02-21,0.0,0.0,0.0,0.0,0.0,0.0,0.0,25.29
2021-02-22,0.0,0.0,0.0,0.0,0.0,0.0,0.0,26.14
2021-02-23,0.0,0.0,0.0,0.0,0.0,0.0,0.0,24.14
2021-02-24,0.0,0.0,0.0,0.0,0.0,0.0,0.0,22.29
2021-02-25,0.0,0.0,0.0,0.0,0.0,0.0,0.0,20.57
2021-02-26,0.0,0.0,0.0,0.0,0.0,0.0,0.0,20.14
2021-02-27,0.0,0.0,0.0,0.0,0.0,0.0,0.0,19.86
2021-02-28,0.0,0.0,0.0,0.0,0.0,0.0,0.0,21.86
2021-03-01,0.0,0.0,0.0,0.0,0.0,0.0,0.0,21.86
2021-03-02,0.0,0.0,0.0,0.0,0.0,0.0,0.0,21.57
2021-03-03,0.0,0.0,0.0,0.0,0.0,0.0,0.0,22.43
2021-03-04,0.0,0.0,0.0,0.0,0.0,0.0,0.0,22.43
2021-03-05,0.0,0.0,0.0,0.0,0.0,0.0,0.0,23.14
2021-03-06,0.0,0.0,0.0,0.0,0.0,0.0,0.0,22.14
2021-03-07,0.0,0.0,0.0,0.0,0.0,0.0,0.0,20.86
2021-03-08,0.0,0.0,0.0,0.0,0.0,0.0,0.0,19.57
2021-03-09,0.0,0.0,0.0,0.0,0.0,0.0,0.0,20.57
2021-03-10,0.0,0.0,0.0,0.0,0.0,0.0,0.0,19.71
2021-03-11,0.0,0.0,0.0,0.0,0.0,0.0,0.0,16.29
2021-03-12,0.0,0.0,0.0,0.0,0.0,0.0,0.0,15.0
2021-03-13,0.0,0.0,0.0,0.0,0.0,0.0,0.0,15.0
2021-03-14,0.0,0.0,0.0,0.0,0.0,0.0,0.0,13.29
2021-03-15,0.0,0.0,0.0,0.0,0.0,0.0,0.0,13.57
2021-03-16,0.0,0.0,0.0,0.0,0.0,0.0,0.0,12.71
2021-03-17,0.0,0.0,0.0,0.0,0.0,0.0,0.0,14.14
2021-03-18,0.0,0.0,0.0,0.0,0.0,0.0,0.0,13.71
2021-03-19,0.0,0.0,0.0,0.0,0.0,0.0,0.0,12.29
2021-03-20,0.0,0.0,0.0,0.0,0.0,0.0,0.0,11.71
2021-03-21,0.0,0.0,0.0,0.0,0.0,0.0,0.0,11.14
2021-03-22,0.0,0.0,0.0,0.0,0.0,0.0,0.0,10.43
2021-03-23,0.0,0.0,0.0,0.0,0.0,0.0,0.0,12.14
2021-03-24,0.0,0.0,0.0,0.0,0.0,0.0,0.0,13.0
2021-03-25,0.0,0.0,0.0,0.0,0.0,0.0,0.0,15.0
2021-03-26,0.0,0.0,0.0,0.0,0.0,0.0,0.0,17.14
2021-03-27,0.0,0.0,0.0,0.0,0.0,0.0,0.0,17.0
2021-03-28,0.0,0.0,0.0,0.0,0.0,0.0,0.0,20.71
2021-03-29,0.0,0.0,0.0,0.0,0.0,0.0,0.0,22.14
2021-03-30,0.0,0.0,0.0,0.0,0.0,0.0,0.0,21.57
2021-03-31,0.0,0.0,0.0,0.0,0.0,0.0,0.0,19.71
2021-04-01,0.0,0.0,0.0,0.0,0.0,0.0,0.0,19.0
2021-04-02,0.0,0.0,0.0,0.0,0.0,0.0,0.0,19.71
2021-04-03,0.0,0.0,0.0,0.0,0.0,0.0,0.0,20.0
2021-04-04,0.0,0.0,0.0,0.0,0.0,0.0,0.0,20.0
2021-04-05,0.0,0.0,0.0,0.0,0.0,0.0,0.0,15.86
2021-04-06,0.0,0.0,0.0,0.0,0.0,0.0,0.0,18.14
2021-04-07,0.0,0.0,0.0,0.0,0.0,0.0,0.0,16.57
2021-04-08,0.0,0.0,0.0,0.0,0.0,0.0,0.0,16.29
2021-04-09,0.0,0.0,0.0,0.0,0.0,0.0,0.0,16.57
2021-04-10,0.0,0.0,0.0,0.0,0.0,0.0,0.0,16.0
2021-04-11,0.0,0.0,0.0,0.0,0.0,0.0,0.0,17.13
2021-04-12,0.0,0.0,0.0,0.0,0.0,0.0,0.0,17.43
2021-04-13,0.0,0.0,0.0,0.0,0.0,0.0,0.0,14.57
2021-04-14,0.0,0.0,0.0,0.0,0.0,0.0,0.0,16.29
2021-04-15,0.0,0.0,0.0,0.0,0.0,0.0,0.0,17.14
2021-04-16,0.0,0.0,0.0,0.0,0.0,0.0,0.0,14.86
2021-04-17,0.0,0.0,0.0,0.0,0.0,0.0,0.0,16.71
2021-04-18,0.0,0.0,0.0,0.0,0.0,0.0,0.0,15.71
2021-04-19,0.0,0.0,0.0,0.0,0.0,0.0,0.0,16.71
2021-04-20,0.0,0.0,0.0,0.0,0.0,0.0,0.0,17.0
2021-04-21,0.0,0.0,0.0,0.0,0.0,0.0,0.0,16.29
2021-04-22,0.0,0.0,0.0,0.0,0.0,0.0,0.0,15.14
2021-04-23,0.0,0.0,0.0,0.0,0.0,0.0,0.0,15.0
2021-04-24,0.0,0.0,0.0,0.0,0.0,0.0,0.0,14.71
2021-04-25,0.0,0.0,0.0,0.0,0.0,0.0,0.0,14.29
2021-04-26,0.0,0.0,0.0,0.0,0.0,0.0,0.0,15.0
2021-04-27,0.0,0.0,0.0,0.0,0.0,0.0,0.0,15.14
2021-04-28,0.0,0.0,0.0,0.0,0.0,0.0,0.0,17.0
2021-04-29,0.0,0.0,0.0,0.0,0.0,0.0,0.0,19.86
2021-04-30,0.0,0.0,0.0,0.0,0.0,0.0,0.0,23.29
2021-05-01,0.0,0.0,0.0,0.0,0.0,0.0,0.0,23.57
2021-05-02,0.0,0.0,0.0,0.0,0.0,0.0,0.0,23.86
2021-05-03,0.0,0.0,0.0,0.0,0.0,0.0,0.0,23.71
2021-05-04,0.0,0.0,0.0,0.0,0.0,0.0,0.0,23.71
2021-05-05,0.0,0.0,0.0,0.0,0.0,0.0,0.0,22.29
2021-05-06,0.0,0.0,0.0,0.0,0.0,0.0,0.0,20.57
2021-05-07,0.0,0.0,0.0,0.0,0.0,0.0,0.0,18.14
2021-05-08,0.0,0.0,0.0,0.0,0.0,0.0,0.0,17.71
2021-05-09,0.0,0.0,0.0,0.0,0.0,0.0,0.0,17.14
2021-05-10,0.0,0.0,0.0,0.0,0.0,0.0,0.0,15.86
2021-05-11,0.0,0.0,0.0,0.0,0.0,0.0,0.0,16.0
2021-05-12,0.0,0.0,0.0,0.0,0.0,0.0,0.0,16.29
2021-05-13,0.0,0.0,0.0,0.0,0.0,0.0,0.0,14.86
2021-05-14,0.0,0.0,0.0,0.0,0.0,0.0,0.0,13.14
2021-05-15,0.0,0.0,0.0,0.0,0.0,0.0,0.0,13.0
2021-05-16,0.0,0.0,0.0,0.0,0.0,0.0,0.0,12.0
2021-05-17,0.0,0.0,0.0,0.0,0.0,0.0,0.0,11.86
2021-05-18,0.0,0.0,0.0,0.0,0.0,0.0,0.0,11.0
2021-05-19,0.0,0.0,0.0,0.0,0.0,0.0,0.0,10.71
2021-05-20,0.0,0.0,0.0,0.0,0.0,0.0,0.0,9.86
2021-05-21,0.0,0.0,0.0,0.0,0.0,0.0,0.0,9.29
2021-05-22,0.0,0.0,0.0,0.0,0.0,0.0,0.0,7.43
2021-05-23,0.0,0.0,0.0,0.0,0.0,0.0,0.0,7.57
2021-05-24,0.0,0.0,0.0,0.0,0.0,0.0,0.0,8.43
2021-05-25,0.0,0.0,0.0,0.0,0.0,0.0,0.0,8.14
2021-05-26,0.0,0.0,0.0,0.0,0.0,0.0,0.0,6.86
2021-05-27,0.0,0.0,0.0,0.0,0.0,0.0,0.0,7.43
2021-05-28,0.0,0.0,0.0,0.0,0.0,0.0,0.0,7.57
2021-05-29,0.0,0.0,0.0,0.0,0.0,0.0,0.0,8.0
2021-05-30,0.0,0.0,0.0,0.0,0.0,0.0,0.0,8.14
2021-05-31,0.0,0.0,0.0,0.0,0.0,0.0,0.0,7.14
2021-06-01,0.0,0.0,0.0,0.0,0.0,0.0,0.0,7.14
2021-06-02,0.0,0.0,0.0,0.0,0.0,0.0,0.0,7.57
2021-06-03,0.0,0.0,0.0,0.0,0.0,0.0,0.0,6.0
2021-06-04,0.0,0.0,0.0,0.0,0.0,0.0,0.0,6.29
2021-06-05,0.0,0.0,0.0,0.0,0.0,0.0,0.0,7.0
2021-06-06,0.0,0.0,0.0,0.0,0.0,0.0,0.0,6.43
2021-06-07,0.0,0.0,0.0,0.0,0.0,0.0,0.0,6.14
2021-06-08,0.0,0.0,0.0,0.0,0.0,0.0,0.0,5.5
2021-06-09,0.0,0.0,0.0,0.0,0.0,0.0,0.0,6.14
2021-06-10,0.0,0.0,0.0,0.0,0.0,0.0,0.0,7.43
2021-06-11,0.0,0.0,0.0,0.0,0.0,0.0,0.0,7.0
2021-06-12,0.0,0.0,0.0,0.0,0.0,0.0,0.0,7.0
2021-06-13,0.0,0.0,0.0,0.0,0.0,0.0,0.0,4.86
2021-06-14,0.0,0.0,0.0,0.0,0.0,0.0,0.0,5.14
2021-06-15,0.0,0.0,0.0,0.0,0.0,0.0,0.0,5.29
2021-06-16,0.0,0.0,0.0,0.0,0.0,0.0,0.0,4.29
2021-06-17,0.0,0.0,0.0,0.0,0.0,0.0,0.0,3.14
2021-06-18,0.0,0.0,0.0,0.0,0.0,0.0,0.0,3.14
2021-06-19,0.0,0.0,0.0,0.0,0.0,0.0,0.0,3.14
2021-06-20,0.0,0.0,0.0,0.0,0.0,0.0,0.0,3.14
2021-06-21,0.0,0.0,0.0,0.0,0.0,0.0,0.0,3.0
2021-06-22,0.0,0.0,0.0,0.0,0.0,0.0,0.0,3.0
2021-06-23,0.0,0.0,0.0,0.0,0.0,0.0,0.0,2.71
2021-06-24,0.0,0.0,0.0,0.0,0.0,0.0,0.0,2.71
2021-06-25,0.0,0.0,0.0,0.0,0.0,0.0,0.0,2.71
2021-06-26,0.0,0.0,0.0,0.0,0.0,0.0,0.0,2.71
2021-06-27,0.0,0.0,0.0,0.0,0.0,0.0,0.0,2.71
2021-06-28,0.0,0.0,0.0,0.0,0.0,0.0,0.0,1.0
2021-06-29,0.0,0.0,0.0,0.0,0.0,0.0,0.0,1.25
2021-06-30,0.0,0.0,0.0,0.0,0.0,0.0,0.0,1.57
2021-07-01,0.0,0.0,0.0,0.0,0.0,0.0,0.0,1.75
2021-07-02,0.0,0.0,0.0,0.0,0.0,0.0,0.0,1.89
2021-07-03,0.0,0.0,0.0,0.0,0.0,0.0,0.0,1.89
2021-07-04,0.0,0.0,0.0,0.0,0.0,0.0,0.0,1.89
2021-07-05,0.0,0.0,0.0,0.0,0.0,0.0,0.0,2.57
2021-07-06,0.0,0.0,0.0,0.0,0.0,0.0,0.0,2.43
2021-07-07,0.0,0.0,0.0,0.0,0.0,0.0,0.0,2.43
2021-07-08,0.0,0.0,0.0,0.0,0.0,0.0,0.0,1.86
2021-07-09,0.0,0.0,0.0,0.0,0.0,0.0,0.0,2.0
2021-07-10,0.0,0.0,0.0,0.0,0.0,0.0,0.0,2.0
2021-07-11,0.0,0.0,0.0,0.0,0.0,0.0,0.0,2.0
2021-07-12,0.0,0.0,0.0,0.0,0.0,0.0,0.0,4.43
2021-07-13,0.0,0.0,0.0,0.0,0.0,0.0,0.0,4.71
2021-07-14,0.0,0.0,0.0,0.0,0.0,0.0,0.0,5.38
2021-07-15,0.0,0.0,0.0,0.0,0.0,0.0,0.0,6.57
2021-07-16,0.0,0.0,0.0,0.0,0.0,0.0,0.0,7.86
2021-07-17,0.0,0.0,0.0,0.0,0.0,0.0,0.0,7.86
2021-07-18,0.0,0.0,0.0,0.0,0.0,0.0,0.0,7.86
2021-07-19,0.0,0.0,0.0,0.0,0.0,0.0,0.0,9.71
2021-07-20,0.0,0.0,0.0,0.0,0.0,0.0,0.0,10.0
2021-07-21,0.0,0.0,0.0,0.0,0.0,0.0,0.0,8.86
2021-07-22,0.0,0.0,0.0,0.0,0.0,0.0,0.0,9.71
2021-07-23,0.0,0.0,0.0,0.0,0.0,0.0,0.0,9.0
2021-07-24,0.0,0.0,0.0,0.0,0.0,0.0,0.0,9.0
2021-07-25,0.0,0.0,0.0,0.0,0.0,0.0,0.0,9.0
2021-07-26,0.0,0.0,0.0,0.0,0.0,0.0,0.0,10.57
2021-07-27,0.0,0.0,0.0,0.0,0.0,0.0,0.0,10.71
2021-07-28,0.0,0.0,0.0,0.0,0.0,0.0,0.0,11.43
2021-07-29,0.0,0.0,0.0,0.0,0.0,0.0,0.0,16.86
2021-07-30,0.0,0.0,0.0,0.0,0.0,0.0,0.0,19.14
2021-07-31,0.0,0.0,0.0,0.0,0.0,0.0,0.0,19.14
2021-08-01,0.0,0.0,0.0,0.0,0.0,0.0,0.0,19.14
2021-08-02,0.0,0.0,0.0,0.0,0.0,0.0,0.0,22.43
2021-08-03,0.0,0.0,0.0,0.0,0.0,0.0,0.0,22.86
2021-08-04,0.0,0.0,0.0,0.0,0.0,0.0,0.0,24.29
2021-08-05,0.0,0.0,0.0,0.0,0.0,0.0,0.0,21.29
2021-08-06,0.0,0.0,0.0,0.0,0.0,0.0,0.0,23.0
2021-08-07,0.0,0.0,0.0,0.0,0.0,0.0,0.0,23.0
2021-08-08,0.0,0.0,0.0,0.0,0.0,0.0,0.0,23.0
2021-08-09,0.0,0.0,0.0,0.0,0.0,0.0,0.0,31.29
2021-08-10,0.0,0.0,0.0,0.0,0.0,0.0,0.0,32.86
2021-08-11,0.0,0.0,0.0,0.0,0.0,0.0,0.0,33.71
2021-08-12,0.0,0.0,0.0,0.0,0.0,0.0,0.0,34.57
2021-08-13,0.0,0.0,0.0,0.0,0.0,0.0,0.0,43.71
2021-08-14,0.0,0.0,0.0,0.0,0.0,0.0,0.0,43.71
2021-08-15,0.0,0.0,0.0,0.0,0.0,0.0,0.0,43.71
2021-08-16,0.0,0.0,0.0,0.0,0.0,0.0,0.0,45.86
2021-08-17,0.0,0.0,0.0,0.0,0.0,0.0,0.0,48.86
2021-08-18,0.0,0.0,0.0,0.0,0.0,0.0,0.0,55.86
2021-08-19,0.0,0.0,0.0,0.0,0.0,0.0,0.0,62.43
2021-08-20,4.5168324,0.0,0.0,0.0,0.0,0.0,0.0,61.14
2021-08-21,11.54056,0.0,0.0,0.0,0.0,0.0,0.0,61.14
2021-08-22,10.172411,0.0,0.0,0.0,0.0,0.0,0.0,61.14
2021-08-23,10.166277,0.0,0.0,0.0,0.0,0.0,0.0,75.71
2021-08-24,10.16057,0.0,0.0,0.0,0.0,0.0,0.0,79.57
2021-08-25,25.498766,0.0,0.0,0.0,0.0,0.0,0.0,79.43
2021-08-26,29.406366,0.0,0.0,0.0,0.0,0.0,0.0,81.71
2021-08-27,29.252779,0.0,0.0,0.0,0.0,0.0,0.0,93.0
2021-08-28,31.564135,0.0,0.0,0.0,0.0,0.0,0.0,93.0
2021-08-29,43.152023,0.0,0.0,0.0,0.0,0.0,0.0,93.0
2021-08-30,43.138435,6.92737,0.0,0.0,0.0,0.0,0.0,110.14
2021-08-31,43.12449,6.9059467,0.0,0.0,0.0,0.0,0.0,111.43
2021-09-01,61.663734,6.8841114,0.0,0.0,0.0,0.0,0.0,116.29
2021-09-02,63.09456,25.135073,0.0,0.0,0.0,0.0,0.0,115.14
2021-09-03,68.49696,26.358156,0.0,0.0,0.0,0.0,0.0,109.14
2021-09-04,67.187515,31.026873,0.0,0.0,0.0,0.0,0.0,109.14
2021-09-05,60.460182,29.877626,0.0,0.0,0.0,0.0,0.0,109.14
2021-09-06,60.44319,24.05208,0.0,0.0,0.0,0.0,0.0,97.29
2021-09-07,60.426796,24.030107,0.0,0.0,0.0,0.0,0.0,93.57
2021-09-08,47.492577,24.00928,0.0,0.0,0.0,0.0,0.0,83.14
2021-09-09,43.587715,11.694078,0.0,0.0,0.0,0.0,0.0,83.29
2021-09-10,32.87812,7.3475666,0.0,0.0,0.0,0.0,0.0,80.71
2021-09-11,33.028427,0.0,0.0,0.0,0.0,0.0,0.0,80.71
2021-09-12,30.394594,0.0,0.0,0.0,0.0,0.0,0.0,80.71
2021-09-13,30.391115,0.0,0.0,0.0,0.0,0.0,0.0,87.86
2021-09-14,30.387934,0.0,0.0,0.0,0.0,0.0,0.0,89.14
2021-09-15,37.716614,0.0,0.0,0.0,0.0,0.0,0.0,95.0
2021-09-16,39.022537,1.3909166,0.0,0.0,0.0,0.0,0.0,94.71
2021-09-17,45.04161,2.6098955,0.0,0.0,0.0,0.0,0.0,95.14
2021-09-18,44.733116,8.962618,0.0,0.0,0.0,0.0,0.0,95.14
2021-09-19,45.177948,8.615664,0.0,0.0,0.0,0.0,0.0,95.14
2021-09-20,45.17343,9.1100025,0.0,0.0,0.0,0.0,0.0,81.86
2021-09-21,45.168594,9.102892,0.0,0.0,0.0,0.0,0.0,80.14
2021-09-22,31.521776,9.095491,0.0,0.0,0.0,0.0,0.0,76.86
2021-09-23,29.778643,0.0,0.0,0.0,0.0,0.0,0.0,78.0
2021-09-24,26.45035,0.0,0.0,0.0,0.0,0.0,0.0,73.14
2021-09-25,27.595491,0.0,0.0,0.0,0.0,0.0,0.0,73.14
2021-09-26,22.65854,0.0,0.0,0.0,0.0,0.0,0.0,73.14
2021-09-27,22.660707,0.0,0.0,0.0,0.0,0.0,0.0,66.57
2021-09-28,22.663347,0.0,0.0,0.0,0.0,0.0,0.0,63.71
2021-09-29,15.727449,0.0,0.0,0.0,0.0,0.0,0.0,60.14
2021-09-30,12.713686,0.0,0.0,0.0,0.0,0.0,0.0,59.0
2021-10-01,8.935732,0.0,0.0,0.0,0.0,0.0,0.0,58.43
2021-10-02,7.7281513,0.0,0.0,0.0,0.0,0.0,0.0,58.43
2021-10-03,7.1286488,0.0,0.0,0.0,0.0,0.0,0.0,58.43
2021-10-04,7.133791,0.0,0.0,0.0,0.0,0.0,0.0,53.0
2021-10-05,7.138933,0.0,0.0,0.0,0.0,0.0,0.0,51.29
2021-10-06,1.3471391,0.0,0.0,0.0,0.0,0.0,0.0,53.57
2021-10-07,0.0,0.0,0.0,0.0,0.0,0.0,0.0,47.14
2021-10-08,1.9567125,0.0,0.0,0.0,0.0,0.0,0.0,44.57
2021-10-09,0.0,0.0,0.0,0.0,0.0,0.0,0.0,44.57
2021-10-10,0.0,0.0,0.0,0.0,0.0,0.0,0.0,44.57
2021-10-11,0.0,0.0,0.0,0.0,0.0,0.0,0.0,35.43
2021-10-12,0.0,0.0,0.0,0.0,0.0,0.0,0.0,35.86
2021-10-13,0.0,0.0,0.0,0.0,0.0,0.0,0.0,35.14
2021-10-14,0.0,0.0,0.0,0.0,0.0,0.0,0.0,36.14
2021-10-15,0.0,0.0,0.0,0.0,0.0,0.0,0.0,32.86
2021-10-16,0.0,0.0,0.0,0.0,0.0,0.0,0.0,32.86
2021-10-17,0.0,0.0,0.0,0.0,0.0,0.0,0.0,32.86
2021-10-18,0.0,0.0,0.0,0.0,0.0,0.0,0.0,32.14
2021-10-19,0.0,0.0,0.0,0.0,0.0,0.0,0.0,31.0
2021-10-20,0.0,0.0,0.0,0.0,0.0,0.0,0.0,27.14
2021-10-21,0.0,0.0,0.0,0.0,0.0,0.0,0.0,23.86
2021-10-22,0.0,0.0,0.0,0.0,0.0,0.0,0.0,23.57
2021-10-23,0.0,0.0,0.0,0.0,0.0,0.0,0.0,23.57
2021-10-24,0.0,0.0,0.0,0.0,0.0,0.0,0.0,23.57
2021-10-25,0.0,0.0,0.0,0.0,0.0,0.0,0.0,19.29
2021-10-26,0.0,0.0,0.0,0.0,0.0,0.0,0.0,19.86
2021-10-27,0.0,0.0,0.0,0.0,0.0,0.0,0.0,20.57
2021-10-28,0.0,0.0,0.0,0.0,0.0,0.0,0.0,18.57
2021-10-29,0.0,0.0,0.0,0.0,0.0,0.0,0.0,17.0
2021-10-30,0.0,0.0,0.0,0.0,0.0,0.0,0.0,17.0
2021-10-31,0.0,0.0,0.0,0.0,0.0,0.0,0.0,17.0
2021-11-01,0.0,0.0,0.0,0.0,0.0,0.0,0.0,17.14
2021-11-02,0.0,0.0,0.0,0.0,0.0,0.0,0.0,15.86
2021-11-03,0.0,0.0,0.0,0.0,0.0,0.0,0.0,14.71
2021-11-04,0.0,0.0,0.0,0.0,0.0,0.0,0.0,16.0
2021-11-05,0.0,0.0,0.0,0.0,0.0,0.0,0.0,16.14
2021-11-06,0.0,0.0,0.0,0.0,0.0,0.0,0.0,16.14
2021-11-07,0.0,0.0,0.0,0.0,0.0,0.0,0.0,16.14
2021-11-08,0.0,0.0,0.0,0.0,0.0,0.0,0.0,15.71
2021-11-09,0.0,0.0,0.0,0.0,0.0,0.0,0.0,15.57
2021-11-10,0.0,0.0,0.0,0.0,0.0,0.0,0.0,15.71
2021-11-11,0.0,0.0,0.0,0.0,0.0,0.0,0.0,15.71
2021-11-12,0.0,0.0,0.0,0.0,0.0,0.0,0.0,15.14
2021-11-13,0.0,0.0,0.0,0.0,0.0,0.0,0.0,15.14
2021-11-14,0.0,0.0,0.0,0.0,0.0,0.0,0.0,15.14
2021-11-15,0.0,0.0,0.0,0.0,0.0,0.0,0.0,16.0
2021-11-16,0.0,0.0,0.0,0.0,0.0,0.0,0.0,17.0
2021-11-17,0.0,0.0,0.0,0.0,0.0,0.0,0.0,18.29
2021-11-18,0.0,0.0,0.0,0.0,0.0,0.0,0.0,19.0
2021-11-19,0.0,0.0,0.0,0.0,0.0,0.0,0.0,19.57
2021-11-20,0.0,0.0,0.0,0.0,0.0,0.0,0.0,19.57
2021-11-21,0.0,0.0,0.0,0.0,0.0,0.0,0.0,19.57
2021-11-22,0.0,0.0,0.0,0.0,0.0,0.0,0.0,18.0
2021-11-23,0.0,0.0,0.0,0.0,0.0,0.0,0.0,18.43
2021-11-24,0.0,0.0,0.0,0.0,0.0,0.0,0.0,17.43
2021-11-25,0.0,0.0,0.0,0.0,0.0,0.0,0.0,17.43
2021-11-26,0.0,0.0,0.0,0.0,0.0,0.0,0.0,12.14
2021-11-27,0.0,0.0,0.0,0.0,0.0,0.0,0.0,12.14
2021-11-28,0.0,0.0,0.0,0.0,0.0,0.0,0.0,12.14
2021-11-29,0.0,0.0,0.0,0.0,0.0,0.0,0.0,10.0
2021-11-30,0.0,0.0,0.0,0.0,0.0,0.0,0.0,9.86
2021-12-01,0.0,0.0,0.0,0.0,0.0,0.0,0.0,11.43
2021-12-02,0.0,0.0,0.0,0.0,0.0,0.0,0.0,13.5
2021-12-03,0.0,0.0,0.0,0.0,0.0,0.0,0.0,17.43
2021-12-04,0.0,0.0,0.0,0.0,0.0,0.0,0.0,17.43
2021-12-05,0.0,0.0,0.0,0.0,0.0,0.0,0.0,17.43
2021-12-06,0.0,0.0,0.0,0.0,0.0,0.0,0.0,20.86
2021-12-07,0.0,0.0,0.0,0.0,0.0,0.0,0.0,20.71
2021-12-08,0.0,0.0,0.0,0.0,0.0,0.0,0.0,21.43
2021-12-09,0.0,0.0,0.0,0.0,0.0,0.0,0.0,20.57
2021-12-10,0.0,0.0,0.0,0.0,0.0,0.0,0.0,23.0
2021-12-11,0.0,0.0,0.0,0.0,0.0,0.0,0.0,23.0
2021-12-12,0.0,0.0,0.0,0.0,0.0,0.0,0.0,23.0
2021-12-13,0.0,0.0,0.0,0.0,0.0,0.0,0.0,29.57
2021-12-14,0.0,0.0,0.0,0.0,0.0,0.0,0.0,30.0
2021-12-15,0.0,0.0,0.0,0.0,0.0,0.0,0.0,30.0
2021-12-16,0.0,0.0,0.0,0.0,0.0,0.0,0.0,32.14
2021-12-17,0.0,0.0,0.0,0.0,0.0,0.0,0.0,31.86
2021-12-18,0.0,0.0,0.0,0.0,0.0,0.0,0.0,31.86
2021-12-19,0.0,0.0,0.0,0.0,0.0,0.0,0.0,31.86
2021-12-20,0.0,0.0,0.0,0.0,0.0,0.0,0.0,29.29
2021-12-21,0.0,0.0,0.0,0.0,0.0,0.0,0.0,29.57
2021-12-22,0.0,0.0,0.0,0.0,0.0,0.0,0.0,28.86
2021-12-23,0.0,0.0,0.0,0.0,0.0,0.0,0.0,27.86
2021-12-24,0.0,0.0,0.0,0.0,0.0,0.0,0.0,27.86
2021-12-25,0.0,0.0,0.0,0.0,0.0,0.0,0.0,27.86
2021-12-26,0.0,0.0,0.0,0.0,0.0,0.0,0.0,27.86
2021-12-27,0.0,0.0,0.0,0.0,0.0,0.0,0.0,27.86
2021-12-28,0.0,0.0,0.0,0.0,0.0,0.0,0.0,27.86
2021-12-29,0.0,0.0,0.0,0.0,0.0,0.0,0.0,32.43
2021-12-30,0.0,0.0,0.0,0.0,0.0,0.0,0.0,36.57
2021-12-31,0.0,0.0,0.0,0.0,0.0,0.0,0.0,43.38
2022-01-01,0.0,0.0,0.0,0.0,0.0,0.0,0.0,43.38
2022-01-02,0.0,0.0,0.0,0.0,0.0,0.0,0.0,43.38
2022-01-03,0.0,0.0,0.0,0.0,0.0,0.0,0.0,43.38
2022-01-04,0.0,0.0,0.0,0.0,0.0,0.0,0.0,64.83
2022-01-05,0.0,0.0,0.0,0.0,0.0,0.0,0.0,92.43
2022-01-06,14.088274,0.0,0.0,0.0,0.0,0.0,0.0,113.57
2022-01-07,42.624878,0.0,0.0,0.0,0.0,0.0,0.0,134.0
2022-01-08,65.605965,6.3795643,0.0,0.0,0.0,0.0,0.0,134.0
2022-01-09,88.37088,28.568346,0.0,0.0,0.0,0.0,0.0,134.0
2022-01-10,88.32298,48.95511,0.0,0.0,0.0,0.0,0.0,151.0
2022-01-11,88.27818,48.88559,19.543123,0.0,0.0,0.0,0.0,166.86
2022-01-12,107.49251,48.82077,19.454165,0.0,0.0,0.0,0.0,167.0
2022-01-13,124.273605,67.92142,19.371035,0.0,0.0,0.0,0.0,171.14
2022-01-14,124.35545,85.33767,36.45675,0.0,0.0,0.0,0.0,172.57
2022-01-15,128.69829,85.38005,51.687645,8.199358,0.0,0.0,0.0,172.57
2022-01-16,130.18228,89.966805,51.703613,25.885607,0.0,0.0,0.0,172.57
2022-01-17,130.12636,91.51777,56.024704,25.887056,0.0,0.0,0.0,172.57
2022-01-18,130.0743,91.4203,57.484467,29.914492,0.0,0.0,0.0,235.86
2022-01-19,130.02553,91.32958,57.370033,31.185541,0.3096025,0.0,0.0,243.0
2022-01-20,195.49438,91.24451,57.263367,31.074732,2.6783617,0.0,0.0,223.86
2022-01-21,202.29204,159.67696,57.163414,30.9714,2.489351,0.0,0.0,205.29
2022-01-22,183.34344,166.6107,127.20227,30.874598,2.3084733,0.0,0.0,205.29
2022-01-23,164.06517,146.98224,134.25337,97.10802,2.1388261,0.0,0.0,205.29
2022-01-24,164.01384,126.87043,114.20973,104.63897,68.79793,0.0,0.0,205.29
2022-01-25,163.96576,126.781334,92.84671,83.428085,76.19551,43.729294,0.0,205.29
2022-01-26,163.91444,126.69783,92.722626,62.335724,55.769974,50.25402,15.908617,204.43
2022-01-27,163.86867,126.60871,92.606026,62.201096,37.331726,31.57609,23.208849,208.86
2022-01-28,162.93251,126.52932,92.48219,62.074593,37.208794,9.907198,1.6835954,241.0
2022-01-29,167.53175,125.54498,92.3714,61.940186,37.093277,9.770693,0.0,241.0
2022-01-30,199.84381,130.24129,91.3068,61.819855,36.97003,9.642244,0.0,241.0
2022-01-31,199.7787,163.64088,96.35623,60.790466,36.859642,9.504259,0.0,216.8
2022-02-01,199.71632,163.52177,130.85666,65.60919,35.9606,9.38051,0.0,204.82
2022-02-02,175.57535,163.40741,130.697,100.7682,40.056763,8.386187,0.0,155.71
2022-02-03,163.0543,138.45557,130.54362,100.56593,72.18394,12.787004,0.0,151.0
2022-02-04,111.55301,125.46726,104.99031,100.37176,71.967514,46.592606,0.0,117.43
2022-02-05,106.40364,71.40484,91.074936,73.943954,71.75961,46.39492,19.00789,117.43
2022-02-06,68.91077,66.14928,39.068832,60.4802,47.12278,46.204903,18.788881,117.43
2022-02-07,68.91315,31.013193,34.62391,10.818804,35.6481,21.13347,18.578875,88.14
2022-02-08,68.9168,31.01613,0.0,6.0374317,0.0,8.017305,0.0,83.43
2022-02-09,37.538948,31.020838,0.0,0.0,0.0,0.0,0.0,89.43
2022-02-10,32.731476,0.9800432,0.0,0.0,0.0,0.0,0.0,83.71
2022-02-11,38.85962,0.0,0.0,0.0,0.0,0.0,0.0,83.71
2022-02-12,33.031013,2.211168,0.0,0.0,0.0,0.0,0.0,83.71
2022-02-13,33.03746,0.0,0.0,0.0,0.0,0.0,0.0,83.71
2022-02-14,33.043823,0.0,0.0,0.0,0.0,0.0,0.0,64.86
2022-02-15,33.049995,0.0,0.0,0.0,0.0,0.0,0.0,60.29
2022-02-16,13.631029,0.0,0.0,0.0,0.0,0.0,0.0,49.71
2022-02-17,8.810915,0.0,0.0,0.0,0.0,0.0,0.0,43.57
2022-02-18,0.0,0.0,0.0,0.0,0.0,0.0,0.0,41.5
2022-02-19,0.0,0.0,0.0,0.0,0.0,0.0,0.0,41.5
2022-02-20,0.0,0.0,0.0,0.0,0.0,0.0,0.0,41.5
2022-02-21,0.0,0.0,0.0,0.0,0.0,0.0,0.0,41.5
2022-02-22,0.0,0.0,0.0,0.0,0.0,0.0,0.0,22.71
2022-02-23,0.0,0.0,0.0,0.0,0.0,0.0,0.0,21.71
2022-02-24,0.0,0.0,0.0,0.0,0.0,0.0,0.0,21.57
2022-02-25,0.0,0.0,0.0,0.0,0.0,0.0,0.0,20.29
2022-02-26,0.0,0.0,0.0,0.0,0.0,0.0,0.0,20.29
2022-02-27,0.0,0.0,0.0,0.0,0.0,0.0,0.0,20.29
2022-02-28,0.0,0.0,0.0,0.0,0.0,0.0,0.0,17.9
2022-03-01,0.0,0.0,0.0,0.0,0.0,0.0,0.0,12.71
2022-03-02,0.0,0.0,0.0,0.0,0.0,0.0,0.0,11.29
2022-03-03,0.0,0.0,0.0,0.0,0.0,0.0,0.0,10.57
2022-03-04,0.0,0.0,0.0,0.0,0.0,0.0,0.0,8.71
2022-03-05,0.0,0.0,0.0,0.0,0.0,0.0,0.0,8.71
2022-03-06,0.0,0.0,0.0,0.0,0.0,0.0,0.0,8.71
2022-03-07,0.0,0.0,0.0,0.0,0.0,0.0,0.0,6.0
2022-03-08,0.0,0.0,0.0,0.0,0.0,0.0,0.0,5.57
2022-03-09,0.0,0.0,0.0,0.0,0.0,0.0,0.0,5.71
2022-03-10,0.0,0.0,0.0,0.0,0.0,0.0,0.0,5.14
2022-03-11,0.0,0.0,0.0,0.0,0.0,0.0,0.0,5.86
2022-03-12,0.0,0.0,0.0,0.0,0.0,0.0,0.0,5.86
2022-03-13,0.0,0.0,0.0,0.0,0.0,0.0,0.0,5.86
2022-03-14,0.0,0.0,0.0,0.0,0.0,0.0,0.0,5.86
2022-03-15,0.0,0.0,0.0,0.0,0.0,0.0,0.0,3.57
2022-03-16,0.0,0.0,0.0,0.0,0.0,0.0,0.0,3.57
2022-03-17,0.0,0.0,0.0,0.0,0.0,0.0,0.0,3.57
2022-03-18,0.0,0.0,0.0,0.0,0.0,0.0,0.0,3.57
2022-03-19,0.0,0.0,0.0,0.0,0.0,0.0,0.0,3.57
2022-03-20,0.0,0.0,0.0,0.0,0.0,0.0,0.0,3.57
2022-03-21,0.0,0.0,0.0,0.0,0.0,0.0,0.0,3.57
2022-03-22,0.0,0.0,0.0,0.0,0.0,0.0,0.0,3.57
2022-03-23,0.0,0.0,0.0,0.0,0.0,0.0,0.0,3.57
2022-03-24,0.0,0.0,0.0,0.0,0.0,0.0,0.0,3.57
2022-03-25,0.0,0.0,0.0,0.0,0.0,0.0,0.0,3.57
2022-03-26,0.0,0.0,0.0,0.0,0.0,0.0,0.0,3.57
2022-03-27,0.0,0.0,0.0,0.0,0.0,0.0,0.0,3.57
2022-03-28,0.0,0.0,0.0,0.0,0.0,0.0,0.0,3.57
2022-03-29,0.0,0.0,0.0,0.0,0.0,0.0,0.0,1.86
2022-03-30,0.0,0.0,0.0,0.0,0.0,0.0,0.0,1.86
2022-03-31,0.0,0.0,0.0,0.0,0.0,0.0,0.0,1.86
2022-04-01,0.0,0.0,0.0,0.0,0.0,0.0,0.0,1.86
2022-04-02,0.0,0.0,0.0,0.0,0.0,0.0,0.0,1.86
2022-04-03,0.0,0.0,0.0,0.0,0.0,0.0,0.0,1.86
2022-04-04,0.0,0.0,0.0,0.0,0.0,0.0,0.0,1.86
2022-04-05,0.0,0.0,0.0,0.0,0.0,0.0,0.0,1.43
2022-04-06,0.0,0.0,0.0,0.0,0.0,0.0,0.0,1.43
2022-04-07,0.0,0.0,0.0,0.0,0.0,0.0,0.0,1.43
2022-04-08,0.0,0.0,0.0,0.0,0.0,0.0,0.0,1.43
2022-04-09,0.0,0.0,0.0,0.0,0.0,0.0,0.0,1.43
2022-04-10,0.0,0.0,0.0,0.0,0.0,0.0,0.0,1.43
2022-04-11,0.0,0.0,0.0,0.0,0.0,0.0,0.0,1.43
2022-04-12,0.0,0.0,0.0,0.0,0.0,0.0,0.0,2.0
2022-04-13,0.0,0.0,0.0,0.0,0.0,0.0,0.0,2.0
2022-04-14,0.0,0.0,0.0,0.0,0.0,0.0,0.0,2.0
2022-04-15,0.0,0.0,0.0,0.0,0.0,0.0,0.0,2.0
2022-04-16,0.0,0.0,0.0,0.0,0.0,0.0,0.0,2.0
2022-04-17,0.0,0.0,0.0,0.0,0.0,0.0,0.0,2.0
2022-04-18,0.0,0.0,0.0,0.0,0.0,0.0,0.0,2.0
2022-04-19,0.0,0.0,0.0,0.0,0.0,0.0,0.0,3.86
2022-04-20,0.0,0.0,0.0,0.0,0.0,0.0,0.0,3.86
2022-04-21,0.0,0.0,0.0,0.0,0.0,0.0,0.0,3.86
2022-04-22,0.0,0.0,0.0,0.0,0.0,0.0,0.0,3.86
2022-04-23,0.0,0.0,0.0,0.0,0.0,0.0,0.0,3.86
2022-04-24,0.0,0.0,0.0,0.0,0.0,0.0,0.0,3.86
2022-04-25,0.0,0.0,0.0,0.0,0.0,0.0,0.0,3.86
2022-04-26,0.0,0.0,0.0,0.0,0.0,0.0,0.0,3.86
2022-04-27,0.0,0.0,0.0,0.0,0.0,0.0,0.0,3.86
2022-04-28,0.0,0.0,0.0,0.0,0.0,0.0,0.0,4.56
2022-04-29,0.0,0.0,0.0,0.0,0.0,0.0,0.0,4.56
2022-04-30,0.0,0.0,0.0,0.0,0.0,0.0,0.0,4.56
2022-05-01,0.0,0.0,0.0,0.0,0.0,0.0,0.0,4.56
2022-05-02,0.0,0.0,0.0,0.0,0.0,0.0,0.0,4.56
2022-05-03,0.0,0.0,0.0,0.0,0.0,0.0,0.0,6.86
2022-05-04,0.0,0.0,0.0,0.0,0.0,0.0,0.0,6.86
2022-05-05,0.0,0.0,0.0,0.0,0.0,0.0,0.0,6.86
2022-05-06,0.0,0.0,0.0,0.0,0.0,0.0,0.0,6.86
2022-05-07,0.0,0.0,0.0,0.0,0.0,0.0,0.0,6.86
2022-05-08,0.0,0.0,0.0,0.0,0.0,0.0,0.0,6.86
2022-05-09,0.0,0.0,0.0,0.0,0.0,0.0,0.0,6.86
2022-05-10,0.0,0.0,0.0,0.0,0.0,0.0,0.0,6.86
2022-05-11,0.0,0.0,0.0,0.0,0.0,0.0,0.0,6.88
2022-05-12,0.0,0.0,0.0,0.0,0.0,0.0,0.0,6.88
2022-05-13,0.0,0.0,0.0,0.0,0.0,0.0,0.0,6.88
2022-05-14,0.0,0.0,0.0,0.0,0.0,0.0,0.0,6.88
2022-05-15,0.0,0.0,0.0,0.0,0.0,0.0,0.0,6.88
2022-05-16,0.0,0.0,0.0,0.0,0.0,0.0,0.0,6.88
2022-05-17,0.0,0.0,0.0,0.0,0.0,0.0,0.0,9.29
2022-05-18,0.0,0.0,0.0,0.0,0.0,0.0,0.0,9.29
2022-05-19,0.0,0.0,0.0,0.0,0.0,0.0,0.0,9.29
2022-05-20,0.0,0.0,0.0,0.0,0.0,0.0,0.0,9.29
2022-05-21,0.0,0.0,0.0,0.0,0.0,0.0,0.0,9.29
2022-05-22,0.0,0.0,0.0,0.0,0.0,0.0,0.0,9.29
2022-05-23,0.0,0.0,0.0,0.0,0.0,0.0,0.0,9.29
2022-05-24,0.0,0.0,0.0,0.0,0.0,0.0,0.0,29.14
2022-05-25,0.0,0.0,0.0,0.0,0.0,0.0,0.0,29.14
2022-05-26,0.0,0.0,0.0,0.0,0.0,0.0,0.0,29.14
2022-05-27,0.0,0.0,0.0,0.0,0.0,0.0,0.0,29.14
2022-05-28,0.0,0.0,0.0,0.0,0.0,0.0,0.0,29.14
2022-05-29,0.0,0.0,0.0,0.0,0.0,0.0,0.0,29.14
2022-05-30,0.0,0.0,0.0,0.0,0.0,0.0,0.0,29.14
2022-05-31,0.0,0.0,0.0,0.0,0.0,0.0,0.0,29.14
2022-06-01,0.0,0.0,0.0,0.0,0.0,0.0,0.0,12.25
2022-06-02,0.0,0.0,0.0,0.0,0.0,0.0,0.0,12.25
2022-06-03,0.0,0.0,0.0,0.0,0.0,0.0,0.0,12.25
2022-06-04,0.0,0.0,0.0,0.0,0.0,0.0,0.0,12.25
2022-06-05,0.0,0.0,0.0,0.0,0.0,0.0,0.0,12.25
2022-06-06,0.0,0.0,0.0,0.0,0.0,0.0,0.0,12.25
2022-06-07,0.0,0.0,0.0,0.0,0.0,0.0,0.0,14.86
2022-06-08,0.0,0.0,0.0,0.0,0.0,0.0,0.0,14.86
2022-06-09,0.0,0.0,0.0,0.0,0.0,0.0,0.0,14.86
2022-06-10,0.0,0.0,0.0,0.0,0.0,0.0,0.0,14.86
2022-06-11,0.0,0.0,0.0,0.0,0.0,0.0,0.0,14.86
2022-06-12,0.0,0.0,0.0,0.0,0.0,0.0,0.0,14.86
2022-06-13,0.0,0.0,0.0,0.0,0.0,0.0,0.0,14.86
2022-06-14,0.0,0.0,0.0,0.0,0.0,0.0,0.0,10.71
2022-06-15,0.0,0.0,0.0,0.0,0.0,0.0,0.0,10.71
2022-06-16,0.0,0.0,0.0,0.0,0.0,0.0,0.0,10.71
2022-06-17,0.0,0.0,0.0,0.0,0.0,0.0,0.0,10.71
2022-06-18,0.0,0.0,0.0,0.0,0.0,0.0,0.0,10.71
2022-06-19,0.0,0.0,0.0,0.0,0.0,0.0,0.0,10.71
2022-06-20,0.0,0.0,0.0,0.0,0.0,0.0,0.0,10.71
2022-06-21,0.0,0.0,0.0,0.0,0.0,0.0,0.0,16.43
2022-06-22,0.0,0.0,0.0,0.0,0.0,0.0,0.0,16.43
2022-06-23,0.0,0.0,0.0,0.0,0.0,0.0,0.0,16.43
2022-06-24,0.0,0.0,0.0,0.0,0.0,0.0,0.0,16.43
2022-06-25,0.0,0.0,0.0,0.0,0.0,0.0,0.0,16.43
2022-06-26,0.0,0.0,0.0,0.0,0.0,0.0,0.0,16.43
2022-06-27,0.0,0.0,0.0,0.0,0.0,0.0,0.0,16.43
2022-06-28,0.0,0.0,0.0,0.0,0.0,0.0,0.0,16.43
2022-06-29,0.0,0.0,0.0,0.0,0.0,0.0,0.0,16.43
2022-06-30,0.0,0.0,0.0,0.0,0.0,0.0,0.0,16.43
2022-07-01,0.0,0.0,0.0,0.0,0.0,0.0,0.0,16.43
2022-07-02,0.0,0.0,0.0,0.0,0.0,0.0,0.0,16.43
2022-07-03,0.0,0.0,0.0,0.0,0.0,0.0,0.0,16.43
2022-07-04,0.0,0.0,0.0,0.0,0.0,0.0,0.0,16.43
2022-07-05,0.0,0.0,0.0,0.0,0.0,0.0,0.0,16.43
2022-07-06,0.0,0.0,0.0,0.0,0.0,0.0,0.0,12.5
2022-07-07,0.0,0.0,0.0,0.0,0.0,0.0,0.0,12.5
2022-07-08,0.0,0.0,0.0,0.0,0.0,0.0,0.0,12.5
2022-07-09,0.0,0.0,0.0,0.0,0.0,0.0,0.0,12.5
2022-07-10,0.0,0.0,0.0,0.0,0.0,0.0,0.0,12.5
2022-07-11,0.0,0.0,0.0,0.0,0.0,0.0,0.0,12.5
2022-07-12,0.0,0.0,0.0,0.0,0.0,0.0,0.0,21.07
2022-07-13,0.0,0.0,0.0,0.0,0.0,0.0,0.0,21.07
2022-07-14,0.0,0.0,0.0,0.0,0.0,0.0,0.0,21.07
2022-07-15,0.0,0.0,0.0,0.0,0.0,0.0,0.0,21.07
2022-07-16,0.0,0.0,0.0,0.0,0.0,0.0,0.0,21.07
2022-07-17,0.0,0.0,0.0,0.0,0.0,0.0,0.0,21.07
2022-07-18,0.0,0.0,0.0,0.0,0.0,0.0,0.0,21.07
2022-07-19,0.0,0.0,0.0,0.0,0.0,0.0,0.0,23.0
2022-07-20,0.0,0.0,0.0,0.0,0.0,0.0,0.0,23.0
2022-07-21,0.0,0.0,0.0,0.0,0.0,0.0,0.0,23.0
2022-07-22,0.0,0.0,0.0,0.0,0.0,0.0,0.0,23.0
2022-07-23,0.0,0.0,0.0,0.0,0.0,0.0,0.0,23.0
2022-07-24,0.0,0.0,0.0,0.0,0.0,0.0,0.0,23.0
2022-07-25,0.0,0.0,0.0,0.0,0.0,0.0,0.0,23.0
2022-07-26,0.0,0.0,0.0,0.0,0.0,0.0,0.0,23.29
2022-07-27,0.0,0.0,0.0,0.0,0.0,0.0,0.0,23.29
2022-07-28,0.0,0.0,0.0,0.0,0.0,0.0,0.0,23.29
2022-07-29,0.0,0.0,0.0,0.0,0.0,0.0,0.0,23.29
2022-07-30,0.0,0.0,0.0,0.0,0.0,0.0,0.0,23.29
2022-07-31,0.0,0.0,0.0,0.0,0.0,0.0,0.0,23.29
2022-08-01,0.0,0.0,0.0,0.0,0.0,0.0,0.0,23.29
2022-08-02,0.0,0.0,0.0,0.0,0.0,0.0,0.0,23.29
2022-08-03,0.0,0.0,0.0,0.0,0.0,0.0,0.0,23.29
2022-08-04,0.0,0.0,0.0,0.0,0.0,0.0,0.0,24.89
2022-08-05,0.0,0.0,0.0,0.0,0.0,0.0,0.0,24.89
2022-08-06,0.0,0.0,0.0,0.0,0.0,0.0,0.0,24.89
2022-08-07,0.0,0.0,0.0,0.0,0.0,0.0,0.0,24.89
2022-08-08,0.0,0.0,0.0,0.0,0.0,0.0,0.0,24.89
2022-08-09,0.0,0.0,0.0,0.0,0.0,0.0,0.0,28.79
2022-08-10,0.0,0.0,0.0,0.0,0.0,0.0,0.0,28.79
2022-08-11,0.0,0.0,0.0,0.0,0.0,0.0,0.0,28.79
2022-08-12,0.0,0.0,0.0,0.0,0.0,0.0,0.0,28.79
2022-08-13,0.0,0.0,0.0,0.0,0.0,0.0,0.0,28.79
2022-08-14,0.0,0.0,0.0,0.0,0.0,0.0,0.0,28.79
2022-08-15,0.0,0.0,0.0,0.0,0.0,0.0,0.0,28.79
2022-08-16,0.0,0.0,0.0,0.0,0.0,0.0,0.0,25.57
2022-08-17,0.0,0.0,0.0,0.0,0.0,0.0,0.0,25.57
2022-08-18,0.0,0.0,0.0,0.0,0.0,0.0,0.0,25.57
2022-08-19,0.0,0.0,0.0,0.0,0.0,0.0,0.0,25.57
2022-08-20,0.0,0.0,0.0,0.0,0.0,0.0,0.0,25.57
2022-08-21,0.0,0.0,0.0,0.0,0.0,0.0,0.0,25.57
2022-08-22,0.0,0.0,0.0,0.0,0.0,0.0,0.0,25.57
2022-08-23,0.0,0.0,0.0,0.0,0.0,0.0,0.0,20.57
2022-08-24,0.0,0.0,0.0,0.0,0.0,0.0,0.0,20.57
2022-08-25,0.0,0.0,0.0,0.0,0.0,0.0,0.0,20.57
2022-08-26,0.0,0.0,0.0,0.0,0.0,0.0,0.0,20.57
2022-08-27,0.0,0.0,0.0,0.0,0.0,0.0,0.0,20.57
2022-08-28,0.0,0.0,0.0,0.0,0.0,0.0,0.0,20.57
2022-08-29,0.0,0.0,0.0,0.0,0.0,0.0,0.0,20.57
2022-08-30,0.0,0.0,0.0,0.0,0.0,0.0,0.0,39.43
2022-08-31,0.0,0.0,0.0,0.0,0.0,0.0,0.0,39.43
2022-09-01,0.0,0.0,0.0,0.0,0.0,0.0,0.0,39.43
2022-09-02,0.0,0.0,0.0,0.0,0.0,0.0,0.0,39.43
2022-09-03,0.0,0.0,0.0,0.0,0.0,0.0,0.0,39.43
2022-09-04,0.0,0.0,0.0,0.0,0.0,0.0,0.0,39.43
2022-09-05,0.0,0.0,0.0,0.0,0.0,0.0,0.0,39.43
2022-09-06,0.0,0.0,0.0,0.0,0.0,0.0,0.0,39.43
2022-09-07,0.0,0.0,0.0,0.0,0.0,0.0,0.0,30.0
2022-09-08,0.0,0.0,0.0,0.0,0.0,0.0,0.0,30.0
2022-09-09,0.0,0.0,0.0,0.0,0.0,0.0,0.0,30.0
2022-09-10,0.0,0.0,0.0,0.0,0.0,0.0,0.0,30.0
2022-09-11,0.0,0.0,0.0,0.0,0.0,0.0,0.0,30.0
2022-09-12,0.0,0.0,0.0,0.0,0.0,0.0,0.0,30.0
2022-09-13,0.0,0.0,0.0,0.0,0.0,0.0,0.0,29.0
2022-09-14,0.0,0.0,0.0,0.0,0.0,0.0,0.0,29.0
2022-09-15,0.0,0.0,0.0,0.0,0.0,0.0,0.0,29.0
2022-09-16,0.0,0.0,0.0,0.0,0.0,0.0,0.0,29.0
2022-09-17,0.0,0.0,0.0,0.0,0.0,0.0,0.0,29.0
2022-09-18,0.0,0.0,0.0,0.0,0.0,0.0,0.0,29.0
2022-09-19,0.0,0.0,0.0,0.0,0.0,0.0,0.0,29.0
2022-09-20,0.0,0.0,0.0,0.0,0.0,0.0,0.0,14.57
2022-09-21,0.0,0.0,0.0,0.0,0.0,0.0,0.0,14.57
2022-09-22,0.0,0.0,0.0,0.0,0.0,0.0,0.0,14.57
2022-09-23,0.0,0.0,0.0,0.0,0.0,0.0,0.0,14.57
2022-09-24,0.0,0.0,0.0,0.0,0.0,0.0,0.0,14.57
2022-09-25,0.0,0.0,0.0,0.0,0.0,0.0,0.0,14.57
2022-09-26,0.0,0.0,0.0,0.0,0.0,0.0,0.0,14.57
2022-09-27,0.0,0.0,0.0,0.0,0.0,0.0,0.0,10.86
2022-09-28,0.0,0.0,0.0,0.0,0.0,0.0,0.0,10.86
2022-09-29,0.0,0.0,0.0,0.0,0.0,0.0,0.0,10.86
2022-09-30,0.0,0.0,0.0,0.0,0.0,0.0,0.0,10.86
2022-10-01,0.0,0.0,0.0,0.0,0.0,0.0,0.0,10.86
2022-10-02,0.0,0.0,0.0,0.0,0.0,0.0,0.0,10.86
2022-10-03,0.0,0.0,0.0,0.0,0.0,0.0,0.0,10.86
2022-10-04,0.0,0.0,0.0,0.0,0.0,0.0,0.0,18.0
2022-10-05,0.0,0.0,0.0,0.0,0.0,0.0,0.0,18.0
2022-10-06,0.0,0.0,0.0,0.0,0.0,0.0,0.0,18.0
2022-10-07,0.0,0.0,0.0,0.0,0.0,0.0,0.0,18.0
2022-10-08,0.0,0.0,0.0,0.0,0.0,0.0,0.0,18.0
2022-10-09,0.0,0.0,0.0,0.0,0.0,0.0,0.0,18.0
2022-10-10,0.0,0.0,0.0,0.0,0.0,0.0,0.0,18.0
2022-10-11,0.0,0.0,0.0,0.0,0.0,0.0,0.0,8.0
2022-10-12,0.0,0.0,0.0,0.0,0.0,0.0,0.0,8.0
2022-10-13,0.0,0.0,0.0,0.0,0.0,0.0,0.0,8.0
2022-10-14,0.0,0.0,0.0,0.0,0.0,0.0,0.0,8.0
2022-10-15,0.0,0.0,0.0,0.0,0.0,0.0,0.0,8.0
2022-10-16,0.0,0.0,0.0,0.0,0.0,0.0,0.0,8.0
2022-10-17,0.0,0.0,0.0,0.0,0.0,0.0,0.0,8.0
2022-10-18,0.0,0.0,0.0,0.0,0.0,0.0,0.0,7.86
2022-10-19,0.0,0.0,0.0,0.0,0.0,0.0,0.0,7.86
2022-10-20,0.0,0.0,0.0,0.0,0.0,0.0,0.0,7.86
2022-10-21,0.0,0.0,0.0,0.0,0.0,0.0,0.0,7.86
2022-10-22,0.0,0.0,0.0,0.0,0.0,0.0,0.0,7.86
2022-10-23,0.0,0.0,0.0,0.0,0.0,0.0,0.0,7.86
2022-10-24,0.0,0.0,0.0,0.0,0.0,0.0,0.0,7.86
2022-10-25,0.0,0.0,0.0,0.0,0.0,0.0,0.0,7.57
2022-10-26,0.0,0.0,0.0,0.0,0.0,0.0,0.0,7.57
2022-10-27,0.0,0.0,0.0,0.0,0.0,0.0,0.0,7.57
2022-10-28,0.0,0.0,0.0,0.0,0.0,0.0,0.0,7.57
2022-10-29,0.0,0.0,0.0,0.0,0.0,0.0,0.0,7.57
2022-10-30,0.0,0.0,0.0,0.0,0.0,0.0,0.0,7.57
2022-10-31,0.0,0.0,0.0,0.0,0.0,0.0,0.0,7.57
2022-11-01,0.0,0.0,0.0,0.0,0.0,0.0,0.0,5.71
2022-11-02,0.0,0.0,0.0,0.0,0.0,0.0,0.0,5.71
2022-11-03,0.0,0.0,0.0,0.0,0.0,0.0,0.0,5.71
2022-11-04,0.0,0.0,0.0,0.0,0.0,0.0,0.0,5.71
2022-11-05,0.0,0.0,0.0,0.0,0.0,0.0,0.0,5.71
2022-11-06,0.0,0.0,0.0,0.0,0.0,0.0,0.0,5.71
2022-11-07,0.0,0.0,0.0,0.0,0.0,0.0,0.0,5.71
2022-11-08,0.0,0.0,0.0,0.0,0.0,0.0,0.0,5.86
2022-11-09,0.0,0.0,0.0,0.0,0.0,0.0,0.0,5.86
2022-11-10,0.0,0.0,0.0,0.0,0.0,0.0,0.0,5.86
2022-11-11,0.0,0.0,0.0,0.0,0.0,0.0,0.0,5.86
2022-11-12,0.0,0.0,0.0,0.0,0.0,0.0,0.0,5.86
2022-11-13,0.0,0.0,0.0,0.0,0.0,0.0,0.0,5.86
2022-11-14,0.0,0.0,0.0,0.0,0.0,0.0,0.0,5.86
2022-11-15,0.0,0.0,0.0,0.0,0.0,0.0,0.0,5.29
2022-11-16,0.0,0.0,0.0,0.0,0.0,0.0,0.0,5.29
2022-11-17,0.0,0.0,0.0,0.0,0.0,0.0,0.0,5.29
2022-11-18,0.0,0.0,0.0,0.0,0.0,0.0,0.0,5.29
2022-11-19,0.0,0.0,0.0,0.0,0.0,0.0,0.0,5.29
2022-11-20,0.0,0.0,0.0,0.0,0.0,0.0,0.0,5.29
2022-11-21,0.0,0.0,0.0,0.0,0.0,0.0,0.0,5.29
2022-11-22,0.0,0.0,0.0,0.0,0.0,0.0,0.0,7.29
2022-11-23,0.0,0.0,0.0,0.0,0.0,0.0,0.0,7.29
2022-11-24,0.0,0.0,0.0,0.0,0.0,0.0,0.0,7.29
2022-11-25,0.0,0.0,0.0,0.0,0.0,0.0,0.0,7.29
2022-11-26,0.0,0.0,0.0,0.0,0.0,0.0,0.0,7.29
2022-11-27,0.0,0.0,0.0,0.0,0.0,0.0,0.0,7.29
2022-11-28,0.0,0.0,0.0,0.0,0.0,0.0,0.0,7.29
2022-11-29,0.0,0.0,0.0,0.0,0.0,0.0,0.0,11.86
2022-11-30,0.0,0.0,0.0,0.0,0.0,0.0,0.0,11.86
2022-12-01,0.0,0.0,0.0,0.0,0.0,0.0,0.0,11.86
2022-12-02,0.0,0.0,0.0,0.0,0.0,0.0,0.0,11.86
2022-12-03,0.0,0.0,0.0,0.0,0.0,0.0,0.0,11.86
2022-12-04,0.0,0.0,0.0,0.0,0.0,0.0,0.0,11.86
2022-12-05,0.0,0.0,0.0,0.0,0.0,0.0,0.0,11.86
2022-12-06,0.0,0.0,0.0,0.0,0.0,0.0,0.0,20.57
2022-12-07,0.0,0.0,0.0,0.0,0.0,0.0,0.0,20.57
2022-12-08,0.0,0.0,0.0,0.0,0.0,0.0,0.0,20.57
2022-12-09,0.0,0.0,0.0,0.0,0.0,0.0,0.0,20.57
2022-12-10,0.0,0.0,0.0,0.0,0.0,0.0,0.0,20.57
2022-12-11,0.0,0.0,0.0,0.0,0.0,0.0,0.0,20.57
2022-12-12,0.0,0.0,0.0,0.0,0.0,0.0,0.0,20.57
2022-12-13,0.0,0.0,0.0,0.0,0.0,0.0,0.0,11.57
2022-12-14,0.0,0.0,0.0,0.0,0.0,0.0,0.0,11.57
2022-12-15,0.0,0.0,0.0,0.0,0.0,0.0,0.0,11.57
2022-12-16,0.0,0.0,0.0,0.0,0.0,0.0,0.0,11.57
2022-12-17,0.0,0.0,0.0,0.0,0.0,0.0,0.0,11.57
2022-12-18,0.0,0.0,0.0,0.0,0.0,0.0,0.0,11.57
2022-12-19,0.0,0.0,0.0,0.0,0.0,0.0,0.0,11.57
2022-12-20,0.0,0.0,0.0,0.0,0.0,0.0,0.0,17.86
2022-12-21,0.0,0.0,0.0,0.0,0.0,0.0,0.0,17.86
2022-12-22,0.0,0.0,0.0,0.0,0.0,0.0,0.0,17.86
2022-12-23,0.0,0.0,0.0,0.0,0.0,0.0,0.0,17.86
2022-12-24,0.0,0.0,0.0,0.0,0.0,0.0,0.0,17.86
2022-12-25,0.0,0.0,0.0,0.0,0.0,0.0,0.0,17.86
2022-12-26,0.0,0.0,0.0,0.0,0.0,0.0,0.0,17.86
2022-12-27,0.0,0.0,0.0,0.0,0.0,0.0,0.0,11.57
2022-12-28,0.0,0.0,0.0,0.0,0.0,0.0,0.0,11.57
2022-12-29,0.0,0.0,0.0,0.0,0.0,0.0,0.0,11.57
2022-12-30,0.0,0.0,0.0,0.0,0.0,0.0,0.0,11.57
2022-12-31,0.0,0.0,0.0,0.0,0.0,0.0,0.0,11.57
2023-01-01,0.0,0.0,0.0,0.0,0.0,0.0,0.0,11.57
2023-01-02,0.0,0.0,0.0,0.0,0.0,0.0,0.0,11.57
2023-01-03,0.0,0.0,0.0,0.0,0.0,0.0,0.0,11.57
2023-01-04,0.0,0.0,0.0,0.0,0.0,0.0,0.0,17.5
2023-01-05,0.0,0.0,0.0,0.0,0.0,0.0,0.0,17.5
2023-01-06,0.0,0.0,0.0,0.0,0.0,0.0,0.0,17.5
2023-01-07,0.0,0.0,0.0,0.0,0.0,0.0,0.0,17.5
2023-01-08,0.0,0.0,0.0,0.0,0.0,0.0,0.0,17.5
2023-01-09,0.0,0.0,0.0,0.0,0.0,0.0,0.0,17.5
2023-01-10,0.0,0.0,0.0,0.0,0.0,0.0,0.0,18.43
2023-01-11,0.0,0.0,0.0,0.0,0.0,0.0,0.0,18.43
2023-01-12,0.0,0.0,0.0,0.0,0.0,0.0,0.0,18.43
2023-01-13,0.0,0.0,0.0,0.0,0.0,0.0,0.0,18.43
2023-01-14,0.0,0.0,0.0,0.0,0.0,0.0,0.0,18.43
2023-01-15,0.0,0.0,0.0,0.0,0.0,0.0,0.0,18.43
2023-01-16,0.0,0.0,0.0,0.0,0.0,0.0,0.0,18.43
2023-01-17,0.0,0.0,0.0,0.0,0.0,0.0,0.0,18.43
2023-01-18,0.0,0.0,0.0,0.0,0.0,0.0,0.0,11.88
2023-01-19,0.0,0.0,0.0,0.0,0.0,0.0,0.0,11.88
2023-01-20,0.0,0.0,0.0,0.0,0.0,0.0,0.0,11.88
2023-01-21,0.0,0.0,0.0,0.0,0.0,0.0,0.0,11.88
2023-01-22,0.0,0.0,0.0,0.0,0.0,0.0,0.0,11.88
2023-01-23,0.0,0.0,0.0,0.0,0.0,0.0,0.0,11.88
2023-01-24,0.0,0.0,0.0,0.0,0.0,0.0,0.0,12.71
2023-01-25,0.0,0.0,0.0,0.0,0.0,0.0,0.0,12.71
2023-01-26,0.0,0.0,0.0,0.0,0.0,0.0,0.0,12.71
2023-01-27,0.0,0.0,0.0,0.0,0.0,0.0,0.0,12.71
2023-01-28,0.0,0.0,0.0,0.0,0.0,0.0,0.0,12.71
2023-01-29,0.0,0.0,0.0,0.0,0.0,0.0,0.0,12.71
2023-01-30,0.0,0.0,0.0,0.0,0.0,0.0,0.0,12.71
2023-01-31,0.0,0.0,0.0,0.0,0.0,0.0,0.0,13.57
2023-02-01,0.0,0.0,0.0,0.0,0.0,0.0,0.0,13.57
2023-02-02,0.0,0.0,0.0,0.0,0.0,0.0,0.0,13.57
2023-02-03,0.0,0.0,0.0,0.0,0.0,0.0,0.0,13.57
2023-02-04,0.0,0.0,0.0,0.0,0.0,0.0,0.0,13.57
2023-02-05,0.0,0.0,0.0,0.0,0.0,0.0,0.0,13.57
2023-02-06,0.0,0.0,0.0,0.0,0.0,0.0,0.0,13.57
2023-02-07,0.0,0.0,0.0,0.0,0.0,0.0,0.0,6.57
2023-02-08,0.0,0.0,0.0,0.0,0.0,0.0,0.0,6.57
2023-02-09,0.0,0.0,0.0,0.0,0.0,0.0,0.0,6.57
2023-02-10,0.0,0.0,0.0,0.0,0.0,0.0,0.0,6.57
2023-02-11,0.0,0.0,0.0,0.0,0.0,0.0,0.0,6.57
2023-02-12,0.0,0.0,0.0,0.0,0.0,0.0,0.0,6.57
2023-02-13,0.0,0.0,0.0,0.0,0.0,0.0,0.0,6.57
2023-02-14,0.0,0.0,0.0,0.0,0.0,0.0,0.0,6.86
2023-02-15,0.0,0.0,0.0,0.0,0.0,0.0,0.0,6.86
2023-02-16,0.0,0.0,0.0,0.0,0.0,0.0,0.0,6.86
2023-02-17,0.0,0.0,0.0,0.0,0.0,0.0,0.0,6.86
2023-02-18,0.0,0.0,0.0,0.0,0.0,0.0,0.0,6.86
2023-02-19,0.0,0.0,0.0,0.0,0.0,0.0,0.0,6.86
2023-02-20,0.0,0.0,0.0,0.0,0.0,0.0,0.0,6.86
2023-02-21,0.0,0.0,0.0,0.0,0.0,0.0,0.0,6.86
2023-02-22,0.0,0.0,0.0,0.0,0.0,0.0,0.0,7.0
2023-02-23,0.0,0.0,0.0,0.0,0.0,0.0,0.0,7.0
2023-02-24,0.0,0.0,0.0,0.0,0.0,0.0,0.0,7.0
2023-02-25,0.0,0.0,0.0,0.0,0.0,0.0,0.0,7.0
2023-02-26,0.0,0.0,0.0,0.0,0.0,0.0,0.0,7.0
2023-02-27,0.0,0.0,0.0,0.0,0.0,0.0,0.0,7.0
2023-02-28,0.0,0.0,0.0,0.0,0.0,0.0,0.0,7.86
2023-03-01,0.0,0.0,0.0,0.0,0.0,0.0,0.0,7.86
2023-03-02,0.0,0.0,0.0,0.0,0.0,0.0,0.0,7.86
2023-03-03,0.0,0.0,0.0,0.0,0.0,0.0,0.0,7.86
2023-03-04,0.0,0.0,0.0,0.0,0.0,0.0,0.0,7.86
2023-03-05,0.0,0.0,0.0,0.0,0.0,0.0,0.0,7.86
2023-03-06,0.0,0.0,0.0,0.0,0.0,0.0,0.0,7.86
2023-03-07,0.0,0.0,0.0,0.0,0.0,0.0,0.0,3.29
2023-03-08,0.0,0.0,0.0,0.0,0.0,0.0,0.0,3.29
2023-03-09,0.0,0.0,0.0,0.0,0.0,0.0,0.0,3.29
2023-03-10,0.0,0.0,0.0,0.0,0.0,0.0,0.0,3.29
2023-03-11,0.0,0.0,0.0,0.0,0.0,0.0,0.0,3.29
2023-03-12,0.0,0.0,0.0,0.0,0.0,0.0,0.0,3.29
2023-03-13,0.0,0.0,0.0,0.0,0.0,0.0,0.0,3.29
2023-03-14,0.0,0.0,0.0,0.0,0.0,0.0,0.0,2.86
2023-03-15,0.0,0.0,0.0,0.0,0.0,0.0,0.0,2.86
2023-03-16,0.0,0.0,0.0,0.0,0.0,0.0,0.0,2.86
2023-03-17,0.0,0.0,0.0,0.0,0.0,0.0,0.0,2.86
2023-03-18,0.0,0.0,0.0,0.0,0.0,0.0,0.0,2.86
2023-03-19,0.0,0.0,0.0,0.0,0.0,0.0,0.0,2.86
2023-03-20,0.0,0.0,0.0,0.0,0.0,0.0,0.0,2.86
2023-03-21,0.0,0.0,0.0,0.0,0.0,0.0,0.0,4.0
2023-03-22,0.0,0.0,0.0,0.0,0.0,0.0,0.0,4.0
2023-03-23,0.0,0.0,0.0,0.0,0.0,0.0,0.0,4.0
2023-03-24,0.0,0.0,0.0,0.0,0.0,0.0,0.0,
2023-03-25,,0.0,0.0,0.0,0.0,0.0,0.0,
2023-03-26,,,0.0,0.0,0.0,0.0,0.0,
2023-03-27,,,,0.0,0.0,0.0,0.0,
2023-03-28,,,,,0.0,0.0,0.0,
2023-03-29,,,,,,0.0,0.0,
2023-03-30,,,,,,,0.0,
