date,percent_test_results_reported_positive_last_7_days,Total Deaths 7-day averange,percent covid_inpatient_bed_utilization 7-day average,covid_hospital_admissions_per_100k 7-day averange,cases 7-day averange,deaths 7-day averange
2020-03-15,,12.57,,,0.43,0.0
2020-03-16,,12.57,,,0.43,0.0
2020-03-17,,12.57,,,0.57,0.0
2020-03-18,,12.57,,,0.71,0.0
2020-03-19,,12.57,,,0.86,0.0
2020-03-20,,12.57,,,1.14,0.0
2020-03-21,,12.57,,,1.29,0.0
2020-03-22,,13.0,,,1.14,0.0
2020-03-23,,13.0,,,1.63,0.0
2020-03-24,,13.0,,,2.14,0.03
2020-03-25,,13.0,,,2.14,0.03
2020-03-26,,13.0,,,2.14,0.03
2020-03-27,,13.0,,,2.29,0.03
2020-03-28,,13.0,,,2.71,0.07
2020-03-29,,11.57,,,2.86,0.1
2020-03-30,,11.57,,,2.29,0.1
2020-03-31,,11.57,,,2.57,0.1
2020-04-01,,11.57,,,3.14,0.1
2020-04-02,,11.57,,,4.14,0.13
2020-04-03,,11.57,,,3.86,0.13
2020-04-04,,11.57,,,5.0,0.13
2020-04-05,,14.0,,,4.71,0.17
2020-04-06,,14.0,,,6.29,0.2
2020-04-07,,14.0,,,7.71,0.2
2020-04-08,,14.0,,,8.0,0.23
2020-04-09,,14.0,,,8.0,0.23
2020-04-10,,14.0,,,10.43,0.23
2020-04-11,,14.0,,,9.86,0.23
2020-04-12,,11.14,,,10.0,0.23
2020-04-13,,11.14,,,10.14,0.23
2020-04-14,,11.14,,,8.57,0.26
2020-04-15,,11.14,,,8.57,0.26
2020-04-16,,11.14,,,8.29,0.27
2020-04-17,,11.14,,,8.86,0.29
2020-04-18,,11.14,,,7.57,0.34
2020-04-19,,9.29,,,7.71,0.34
2020-04-20,,9.29,,,7.71,0.34
2020-04-21,,9.29,,,6.14,0.34
2020-04-22,,9.29,,,5.71,0.34
2020-04-23,,9.29,,,5.86,0.34
2020-04-24,,9.29,,,4.43,0.34
2020-04-25,,9.29,,,3.57,0.34
2020-04-26,,9.43,,,2.57,0.34
2020-04-27,,9.43,,,3.0,0.34
2020-04-28,,9.43,,,3.14,0.4
2020-04-29,,9.43,,,3.14,0.4
2020-04-30,,9.43,,,2.71,0.4
2020-05-01,,9.43,,,3.57,0.39
2020-05-02,,9.43,,,3.57,0.39
2020-05-03,,10.29,,,3.29,0.42
2020-05-04,,10.29,,,3.0,0.44
2020-05-05,,10.29,,,3.57,0.44
2020-05-06,,10.29,,,3.38,0.44
2020-05-07,,10.29,,,3.86,0.44
2020-05-08,,10.29,,,4.0,0.44
2020-05-09,,10.29,,,4.13,0.44
2020-05-10,,12.71,,,5.14,0.44
2020-05-11,,12.71,,,5.29,0.44
2020-05-12,,12.71,,,4.71,0.44
2020-05-13,,12.71,,,5.0,0.44
2020-05-14,,12.71,,,5.14,0.44
2020-05-15,,12.71,,,4.57,0.44
2020-05-16,,12.71,,,5.29,0.44
2020-05-17,,11.29,,,5.14,0.3
2020-05-18,,11.29,,,4.57,0.3
2020-05-19,,11.29,,,4.86,0.26
2020-05-20,,11.29,,,5.86,0.26
2020-05-21,,11.29,,,7.86,0.27
2020-05-22,,11.29,,,10.86,0.27
2020-05-23,,11.29,,,11.14,0.27
2020-05-24,,10.57,,,11.29,0.27
2020-05-25,,10.57,,,11.29,0.27
2020-05-26,,10.57,,,11.29,0.27
2020-05-27,,10.57,,,11.14,0.31
2020-05-28,,10.57,,,8.86,0.31
2020-05-29,,10.57,,,7.29,0.32
2020-05-30,,10.57,,,6.57,0.32
2020-05-31,,12.86,,,7.86,0.32
2020-06-01,,12.86,,,9.63,0.32
2020-06-02,,12.86,,,12.86,0.33
2020-06-03,,12.86,,,13.86,0.33
2020-06-04,,12.86,,,15.86,0.33
2020-06-05,,12.86,,,18.0,0.34
2020-06-06,,12.86,,,21.86,0.39
2020-06-07,,12.86,,,26.57,0.39
2020-06-08,,12.86,,,31.71,0.4
2020-06-09,,12.86,,,35.43,0.42
2020-06-10,,12.86,,,44.86,0.42
2020-06-11,,12.86,,,49.0,0.42
2020-06-12,,12.86,,,57.14,0.42
2020-06-13,,12.86,,,66.71,0.4
2020-06-14,,9.86,,,73.57,0.4
2020-06-15,,9.86,,,74.0,0.4
2020-06-16,,9.86,,,82.43,0.4
2020-06-17,,9.86,,,87.71,0.52
2020-06-18,,9.86,,,101.57,0.52
2020-06-19,,9.86,,,108.71,0.61
2020-06-20,,9.86,,,111.57,0.61
2020-06-21,,11.71,,,114.14,0.61
2020-06-22,,11.71,,,123.0,0.61
2020-06-23,,11.71,,,127.71,0.64
2020-06-24,,11.71,,,136.43,0.64
2020-06-25,,11.71,,,133.86,0.64
2020-06-26,,11.71,,,126.43,0.64
2020-06-27,,11.71,,,140.71,0.65
2020-06-28,,15.0,,,150.71,0.65
2020-06-29,,15.0,,,156.71,0.65
2020-06-30,,15.0,,,161.43,0.63
2020-07-01,,15.0,,,168.29,0.73
2020-07-02,,15.0,,,176.14,0.77
2020-07-03,,15.0,,,197.71,0.77
2020-07-04,,15.0,,,217.29,0.84
2020-07-05,,11.86,,,213.57,0.84
2020-07-06,,11.86,,,223.57,0.8
2020-07-07,,11.86,,,218.0,0.8
2020-07-08,,11.86,,,209.43,1.0
2020-07-09,,11.86,,,210.71,1.07
2020-07-10,,11.86,,,201.57,1.1
2020-07-11,,11.86,,,180.14,1.22
2020-07-12,,17.29,,,187.29,1.21
2020-07-13,,17.29,,,169.71,1.21
2020-07-14,,17.29,,,172.57,1.32
2020-07-15,,17.29,,,175.29,1.32
2020-07-16,,17.29,,,169.0,1.36
2020-07-17,,17.29,,,160.86,1.53
2020-07-18,,17.29,,,140.14,1.58
2020-07-19,,15.57,,,132.43,1.53
2020-07-20,,15.57,,,125.57,1.55
2020-07-21,,15.57,,,131.29,1.59
2020-07-22,,15.57,,,120.43,1.67
2020-07-23,,15.57,,,112.86,1.87
2020-07-24,,15.57,,,113.86,1.94
2020-07-25,,15.57,,,114.71,1.97
2020-07-26,,10.57,,,105.0,1.97
2020-07-27,,10.57,,,109.86,2.07
2020-07-28,,10.57,,,102.0,2.29
2020-07-29,,10.57,,,100.86,2.41
2020-07-30,,10.57,,,99.29,2.41
2020-07-31,,10.57,,,96.43,2.6
2020-08-01,,10.57,,,97.29,2.63
2020-08-02,,17.86,,,94.43,2.58
2020-08-03,,17.86,,,88.71,2.58
2020-08-04,,17.86,,,78.14,2.77
2020-08-05,,17.86,,,75.0,2.87
2020-08-06,,17.86,,,71.14,2.9
2020-08-07,,17.86,,,73.0,2.8
2020-08-08,,17.86,,,72.14,2.87
2020-08-09,,15.0,,,68.29,2.87
2020-08-10,,15.0,,,64.43,2.8
2020-08-11,,15.0,,,63.29,2.9
2020-08-12,,15.0,,,55.57,2.87
2020-08-13,,15.0,,,53.14,3.07
2020-08-14,,15.0,,,43.71,3.0
2020-08-15,,15.0,,,40.57,3.0
2020-08-16,,12.71,,,38.71,3.0
2020-08-17,,12.71,,,37.71,3.0
2020-08-18,,12.71,,,35.43,2.9
2020-08-19,,12.71,,,36.43,2.9
2020-08-20,,12.71,,,37.0,2.87
2020-08-21,,12.71,,,36.14,2.77
2020-08-22,,12.71,,,34.43,2.77
2020-08-23,,13.14,,,33.0,2.77
2020-08-24,,13.14,,,31.86,2.77
2020-08-25,,13.14,,,33.0,2.35
2020-08-26,,13.14,,,32.14,2.35
2020-08-27,,13.14,,,33.86,2.35
2020-08-28,,13.14,,,30.86,2.35
2020-08-29,,13.14,,,35.29,1.94
2020-08-30,,10.86,,,37.43,1.87
2020-08-31,,10.86,,,37.71,1.8
2020-09-01,,10.86,,,35.29,1.87
2020-09-02,,10.86,,,33.71,1.87
2020-09-03,,10.86,,,31.86,1.57
2020-09-04,,10.86,,,34.71,1.57
2020-09-05,,10.86,,,33.57,1.57
2020-09-06,,12.0,,,32.0,1.57
2020-09-07,,12.0,,,32.29,1.27
2020-09-08,,12.0,,,30.71,1.27
2020-09-09,,12.0,,,32.14,1.27
2020-09-10,,12.0,,,33.14,1.03
2020-09-11,,12.0,,,37.14,1.03
2020-09-12,,12.0,,,34.57,1.03
2020-09-13,,10.71,,,38.0,0.8
2020-09-14,,10.71,,,42.14,0.8
2020-09-15,,10.71,,,46.57,0.77
2020-09-16,,10.71,,,45.29,0.81
2020-09-17,,10.71,,,45.57,0.81
2020-09-18,,10.71,,,41.86,0.81
2020-09-19,,10.71,,,40.0,0.81
2020-09-20,,12.14,,,35.71,0.81
2020-09-21,,12.14,,,31.29,0.81
2020-09-22,,12.14,,,31.29,0.81
2020-09-23,,12.14,,,28.57,0.58
2020-09-24,,12.14,,,33.14,0.58
2020-09-25,,12.14,,,35.43,0.58
2020-09-26,,12.14,,,34.0,0.58
2020-09-27,,12.0,,,34.0,0.58
2020-09-28,,12.0,,,33.14,0.58
2020-09-29,,12.0,,,34.29,0.5
2020-09-30,,12.0,,,30.71,0.5
2020-10-01,,12.0,,,27.0,0.47
2020-10-02,,12.0,,,25.14,0.48
2020-10-03,,12.0,,,35.43,0.53
2020-10-04,,12.86,,,38.43,0.53
2020-10-05,,12.86,,,46.14,0.53
2020-10-06,,12.86,,,53.57,0.53
2020-10-07,,12.86,,,67.43,0.5
2020-10-08,,12.86,,,79.43,0.53
2020-10-09,,12.86,,,82.43,0.53
2020-10-10,,12.86,,,87.14,0.53
2020-10-11,,11.57,,,93.14,0.53
2020-10-12,,11.57,,,93.29,0.53
2020-10-13,,11.57,,,96.29,0.53
2020-10-14,,11.57,,,94.86,0.53
2020-10-15,,11.57,,,92.14,0.53
2020-10-16,,11.57,,,94.29,0.53
2020-10-17,,11.57,,,87.14,0.47
2020-10-18,,12.57,,,79.0,0.48
2020-10-19,,12.57,,,77.43,0.59
2020-10-20,,12.57,,,78.14,0.7
2020-10-21,,12.57,,,74.29,0.71
2020-10-22,,12.57,,,74.14,0.83
2020-10-23,,12.57,,,67.43,0.83
2020-10-24,,12.57,,,60.43,0.83
2020-10-25,,12.29,,,67.86,0.83
2020-10-26,,12.29,,,62.71,1.0
2020-10-27,,12.29,,,60.43,1.0
2020-10-28,,12.29,,,59.43,0.97
2020-10-29,,12.29,,,53.43,1.03
2020-10-30,,12.29,,,53.57,1.2
2020-10-31,,12.29,,,53.43,1.19
2020-11-01,,12.57,,,48.29,1.19
2020-11-02,,12.57,,,51.14,1.19
2020-11-03,,12.57,,,48.14,1.1
2020-11-04,,12.57,,,46.14,1.1
2020-11-05,,12.57,,,46.71,1.1
2020-11-06,,12.57,,,48.43,1.17
2020-11-07,,12.57,,,56.29,1.3
2020-11-08,,14.14,,,56.0,1.3
2020-11-09,,14.14,,,56.0,1.3
2020-11-10,,14.14,,,60.86,1.26
2020-11-11,,14.14,,,67.0,1.26
2020-11-12,,14.14,,,71.71,1.26
2020-11-13,,14.14,,,74.43,1.26
2020-11-14,,14.14,,,77.0,1.22
2020-11-15,,13.14,,,84.71,1.22
2020-11-16,,13.14,,,88.86,1.43
2020-11-17,,13.14,,,86.29,1.43
2020-11-18,,13.14,,,88.14,1.33
2020-11-19,,13.14,,,90.57,1.23
2020-11-20,,13.14,,,91.29,1.37
2020-11-21,,13.14,,,89.86,1.37
2020-11-22,,14.0,,,84.29,1.37
2020-11-23,,14.0,,,83.43,1.37
2020-11-24,,14.0,,,86.57,1.3
2020-11-25,,14.0,,,92.14,1.3
2020-11-26,,14.0,,,92.14,1.3
2020-11-27,,14.0,,,82.57,1.3
2020-11-28,,14.0,,,83.86,1.3
2020-11-29,,13.43,,,84.0,1.2
2020-11-30,,13.43,,,88.71,1.2
2020-12-01,,13.43,,,83.43,1.2
2020-12-02,,13.43,,,88.43,1.22
2020-12-03,,13.43,,,100.25,1.22
2020-12-04,,13.43,,,119.29,1.23
2020-12-05,,13.43,,,129.57,1.29
2020-12-06,,14.57,,,141.0,1.29
2020-12-07,,14.57,,,156.43,1.13
2020-12-08,,14.57,,,164.71,1.13
2020-12-09,,14.57,,,163.0,1.09
2020-12-10,,14.57,,,156.71,1.17
2020-12-11,,14.57,,,156.43,1.26
2020-12-12,,14.57,,,155.86,1.25
2020-12-13,,14.57,,,162.14,1.25
2020-12-14,,14.57,,,149.14,1.25
2020-12-15,,14.57,,,152.86,1.25
2020-12-16,,14.57,,,152.0,1.25
2020-12-17,,14.57,,,152.71,1.19
2020-12-18,,14.57,,,160.43,1.23
2020-12-19,,14.57,,,166.29,1.3
2020-12-20,,16.57,,,156.71,1.2
2020-12-21,,16.57,,,160.29,1.1
2020-12-22,,16.57,,,160.86,1.1
2020-12-23,,16.57,,,175.29,1.09
2020-12-24,,16.57,,,182.14,1.09
2020-12-25,,16.57,,,182.14,1.09
2020-12-26,,16.57,,,160.0,1.25
2020-12-27,,17.43,,,204.57,1.4
2020-12-28,,17.43,,,218.14,1.4
2020-12-29,,17.43,,,220.0,1.4
2020-12-30,,17.43,,,213.43,1.43
2020-12-31,,17.43,,,225.14,1.55
2021-01-01,,17.43,,,225.14,1.55
2021-01-02,,17.43,,,232.57,1.84
2021-01-03,,17.57,,,243.86,2.03
2021-01-04,,17.57,,,245.43,2.03
2021-01-05,,17.57,,,251.71,1.9
2021-01-06,,17.57,,,276.14,2.17
2021-01-07,,17.57,,,287.0,2.16
2021-01-08,,17.57,,,293.63,2.33
2021-01-09,,17.57,,,349.0,2.4
2021-01-10,,18.57,,,311.29,2.33
2021-01-11,,18.57,,,318.71,2.33
2021-01-12,,18.57,,,300.29,2.26
2021-01-13,,18.57,,,296.71,2.25
2021-01-14,,18.57,,,300.86,2.24
2021-01-15,,18.57,,,293.57,2.35
2021-01-16,,18.57,,,304.0,2.77
2021-01-17,,17.43,,,324.29,3.17
2021-01-18,,17.43,,,309.86,3.1
2021-01-19,,17.43,,,320.43,3.1
2021-01-20,,17.43,,,304.14,3.07
2021-01-21,,17.43,,,291.57,3.2
2021-01-22,,17.43,,,305.57,3.23
2021-01-23,,17.43,,,284.43,3.19
2021-01-24,,19.0,,,268.71,3.19
2021-01-25,,19.0,,,269.71,3.19
2021-01-26,,19.0,,,268.86,3.2
2021-01-27,,19.0,,,260.71,3.19
2021-01-28,,19.0,,,256.86,3.78
2021-01-29,,19.0,,,241.0,3.97
2021-01-30,,19.0,,,227.29,3.87
2021-01-31,,15.14,,,215.71,3.81
2021-02-01,,15.14,,,211.0,4.17
2021-02-02,,15.14,,,207.86,4.07
2021-02-03,,15.14,,,220.29,4.26
2021-02-04,,15.14,,,221.0,4.6
2021-02-05,,15.14,,,222.71,4.57
2021-02-06,,15.14,,,216.86,4.6
2021-02-07,,15.43,,,225.29,4.6
2021-02-08,,15.43,,,222.43,4.67
2021-02-09,,15.43,,,226.57,4.67
2021-02-10,,15.43,,,218.14,4.67
2021-02-11,,15.43,,,225.29,4.7
2021-02-12,,15.43,,,232.29,4.67
2021-02-13,,15.43,,,234.71,4.67
2021-02-14,,14.14,,,248.14,4.53
2021-02-15,,14.14,,,245.86,4.33
2021-02-16,,14.14,,,239.71,3.9
2021-02-17,,14.14,,,233.0,4.03
2021-02-18,,14.14,,,217.14,3.94
2021-02-19,,14.14,,,204.43,4.13
2021-02-20,,14.14,,,210.29,4.1
2021-02-21,,15.14,,,183.86,4.07
2021-02-22,,15.14,,,175.43,4.03
2021-02-23,,15.14,,,170.43,4.0
2021-02-24,,15.14,,,168.86,3.94
2021-02-25,,15.14,,,163.0,3.94
2021-02-26,,15.14,,,146.29,3.97
2021-02-27,,15.14,,,131.0,3.27
2021-02-28,,14.43,,,127.86,3.27
2021-03-01,,14.43,,,128.29,3.2
2021-03-02,,14.43,,,127.71,3.2
2021-03-03,,14.43,,,120.14,2.6
2021-03-04,,14.43,,,109.57,2.6
2021-03-05,,14.43,,,110.29,2.27
2021-03-06,,14.43,,,99.43,2.27
2021-03-07,,10.71,,,92.43,1.9
2021-03-08,,10.71,,,96.57,1.83
2021-03-09,,10.71,,,89.29,1.83
2021-03-10,,10.71,,,86.57,1.83
2021-03-11,,10.71,,,81.71,1.52
2021-03-12,,10.71,,,76.86,1.52
2021-03-13,,10.71,,,88.29,1.57
2021-03-14,,12.0,,,85.86,1.57
2021-03-15,,12.0,,,77.0,1.57
2021-03-16,,12.0,,,80.14,1.57
2021-03-17,,12.0,,,83.43,1.47
2021-03-18,,12.0,,,88.57,1.47
2021-03-19,,12.0,,,83.43,1.33
2021-03-20,,12.0,,,75.86,1.37
2021-03-21,,14.71,,,77.29,1.23
2021-03-22,,14.71,,,78.29,1.23
2021-03-23,,14.71,,,77.43,1.23
2021-03-24,,14.71,,,71.29,1.23
2021-03-25,,14.71,,,69.57,1.03
2021-03-26,,14.71,,,73.71,1.03
2021-03-27,,14.71,,,72.71,1.03
2021-03-28,,11.71,,,69.57,0.9
2021-03-29,,11.71,,,70.43,0.9
2021-03-30,,11.71,,,70.14,0.9
2021-03-31,,11.71,,,70.0,0.87
2021-04-01,,11.71,,,66.86,0.87
2021-04-02,,11.71,,,60.71,0.87
2021-04-03,,11.71,,,54.14,0.84
2021-04-04,,12.0,,,54.14,0.84
2021-04-05,,12.0,,,47.71,0.84
2021-04-06,,12.0,,,54.29,0.84
2021-04-07,,12.0,,,51.14,0.73
2021-04-08,,12.0,,,50.71,0.73
2021-04-09,,12.0,,,55.0,0.72
2021-04-10,,12.0,,,57.0,0.8
2021-04-11,,12.57,,,60.75,0.81
2021-04-12,,12.57,,,66.0,0.81
2021-04-13,,12.57,,,58.43,0.71
2021-04-14,,12.57,,,60.0,0.72
2021-04-15,,12.57,,,63.0,0.72
2021-04-16,,12.57,,,64.0,0.72
2021-04-17,,12.57,,,66.57,0.72
2021-04-18,,11.0,,,64.29,0.72
2021-04-19,,11.0,,,63.71,0.57
2021-04-20,,11.0,,,64.14,0.57
2021-04-21,,11.0,,,64.0,0.57
2021-04-22,,11.0,,,63.14,0.57
2021-04-23,,11.0,,,60.0,0.57
2021-04-24,,11.0,,,56.0,0.57
2021-04-25,,11.29,,,53.0,0.48
2021-04-26,,11.29,,,50.29,0.48
2021-04-27,,11.29,,,48.0,0.47
2021-04-28,,11.29,,,46.71,0.47
2021-04-29,,11.29,,,44.29,0.47
2021-04-30,,11.29,,,41.71,0.47
2021-05-01,,11.29,,,41.14,0.47
2021-05-02,,11.14,,,40.43,0.5
2021-05-03,,11.14,,,39.71,0.5
2021-05-04,,11.14,,,39.71,0.5
2021-05-05,,11.14,,,39.0,0.5
2021-05-06,,11.14,,,35.14,0.48
2021-05-07,,11.14,,,32.43,0.53
2021-05-08,,11.14,,,31.71,0.53
2021-05-09,,11.57,,,27.0,0.53
2021-05-10,,11.57,,,28.29,0.53
2021-05-11,,11.57,,,27.86,0.53
2021-05-12,,11.57,,,26.14,0.53
2021-05-13,,11.57,,,26.14,0.4
2021-05-14,,11.57,,,26.43,0.4
2021-05-15,,11.57,,,28.14,0.4
2021-05-16,,15.0,,,25.71,0.4
2021-05-17,,15.0,,,27.43,0.4
2021-05-18,,15.0,,,24.0,0.4
2021-05-19,,15.0,,,24.57,0.37
2021-05-20,,15.0,,,23.71,0.37
2021-05-21,,15.0,,,23.29,0.37
2021-05-22,,15.0,,,19.57,0.37
2021-05-23,,15.14,,,20.14,0.37
2021-05-24,,15.14,,,19.57,0.37
2021-05-25,,15.14,,,20.43,0.37
2021-05-26,,15.14,,,20.86,0.37
2021-05-27,,15.14,,,23.0,0.33
2021-05-28,,15.14,,,21.71,0.39
2021-05-29,,15.14,,,24.14,0.39
2021-05-30,,11.71,,,22.57,0.39
2021-05-31,,11.71,,,20.86,0.39
2021-06-01,,11.71,,,20.86,0.39
2021-06-02,,11.71,,,18.0,0.39
2021-06-03,,11.71,,,17.0,0.31
2021-06-04,,11.71,,,16.86,0.33
2021-06-05,,11.71,,,14.29,0.33
2021-06-06,,13.0,,,14.57,0.33
2021-06-07,,13.0,,,15.14,0.33
2021-06-08,,13.0,,,13.88,0.33
2021-06-09,,13.0,,,16.43,0.33
2021-06-10,,13.0,,,15.0,0.33
2021-06-11,,13.0,,,14.14,0.33
2021-06-12,,13.0,,,14.14,0.33
2021-06-13,,11.0,,,11.29,0.33
2021-06-14,,11.0,,,12.43,0.33
2021-06-15,,11.0,,,12.86,0.33
2021-06-16,,11.0,,,12.86,0.21
2021-06-17,,11.0,,,12.57,0.21
2021-06-18,,11.0,,,12.57,0.21
2021-06-19,,11.0,,,12.57,0.21
2021-06-20,,10.0,,,12.57,0.21
2021-06-21,,10.0,,,11.0,0.21
2021-06-22,,10.0,,,10.14,0.21
2021-06-23,,10.0,,,8.14,0.21
2021-06-24,,10.0,,,7.43,0.21
2021-06-25,,10.0,,,7.86,0.19
2021-06-26,,10.0,,,7.86,0.19
2021-06-27,,14.14,,,7.86,0.19
2021-06-28,,14.14,,,13.43,0.19
2021-06-29,,14.14,,,14.29,0.19
2021-06-30,,14.14,,,15.29,0.19
2021-07-01,,14.14,,,17.71,0.15
2021-07-02,,14.14,,,18.43,0.15
2021-07-03,,14.14,,,18.43,0.15
2021-07-04,,10.86,,,18.43,0.15
2021-07-05,,10.86,,,20.71,0.13
2021-07-06,,10.86,,,21.86,0.13
2021-07-07,,10.86,,,21.43,0.13
2021-07-08,,10.86,,,23.43,0.13
2021-07-09,,10.86,,,29.14,0.15
2021-07-10,,10.86,,,29.14,0.15
2021-07-11,,14.29,,,29.14,0.15
2021-07-12,,14.29,,,38.57,0.15
2021-07-13,,14.29,,,43.43,0.15
2021-07-14,,14.29,,,47.14,0.15
2021-07-15,,14.29,,,53.0,0.18
2021-07-16,,14.29,,,55.14,0.18
2021-07-17,,14.29,,,55.14,0.18
2021-07-18,,15.57,,,55.14,0.18
2021-07-19,,15.57,,,62.57,0.24
2021-07-20,,15.57,,,61.57,0.24
2021-07-21,,15.57,,,65.57,0.24
2021-07-22,,15.57,,,63.14,0.25
2021-07-23,,15.57,,,73.71,0.25
2021-07-24,,15.57,,,73.71,0.25
2021-07-25,,12.57,,,73.71,0.25
2021-07-26,,12.57,,,95.0,0.32
2021-07-27,,12.57,,,105.14,0.32
2021-07-28,,12.57,,,120.57,0.36
2021-07-29,,12.57,,,142.57,0.41
2021-07-30,,12.57,,,152.57,0.41
2021-07-31,,12.57,,,152.57,0.41
2021-08-01,,13.57,,,152.57,0.41
2021-08-02,,13.57,,,200.0,0.45
2021-08-03,,13.57,,,212.57,0.45
2021-08-04,,13.57,,,222.57,0.45
2021-08-05,,13.57,,,224.29,0.45
2021-08-06,,13.57,,,250.29,0.58
2021-08-07,,13.57,,,250.29,0.58
2021-08-08,,19.43,,,250.29,0.58
2021-08-09,,19.43,,,258.86,0.6
2021-08-10,,19.43,,,263.29,0.68
2021-08-11,,19.43,,,259.86,0.72
2021-08-12,,19.43,,,257.0,0.73
2021-08-13,,19.43,,,259.0,0.79
2021-08-14,,19.43,,,259.0,0.79
2021-08-15,,17.0,,,259.0,0.79
2021-08-16,19.68,17.0,,,273.57,1.03
2021-08-17,20.19,17.0,,,264.29,1.03
2021-08-18,20.47,17.0,,,277.14,1.21
2021-08-19,20.31,17.0,,,275.43,1.43
2021-08-20,20.93,17.0,,,272.86,1.48
2021-08-21,21.36,17.0,,,272.86,1.48
2021-08-22,21.31,21.29,,,272.86,1.48
2021-08-23,20.35,21.29,,,275.29,1.61
2021-08-24,19.87,21.29,,,293.14,1.59
2021-08-25,20.01,21.29,,,288.29,1.64
2021-08-26,19.82,21.29,,,303.0,1.8
2021-08-27,19.21,21.29,,,310.71,1.87
2021-08-28,19.74,21.29,,,310.71,1.87
2021-08-29,19.58,20.14,,,310.71,1.87
2021-08-30,18.24,20.14,,,354.86,2.0
2021-08-31,17.66,20.14,,,365.14,2.0
2021-09-01,18.0,20.14,,,382.86,2.43
2021-09-02,17.38,20.14,,,405.71,2.61
2021-09-03,16.96,20.14,,,405.43,2.73
2021-09-04,15.76,20.14,,,405.43,2.73
2021-09-05,15.61,20.0,,,405.43,2.73
2021-09-06,14.39,20.0,,,404.0,3.0
2021-09-07,14.27,20.0,,,387.0,2.97
2021-09-08,13.68,20.0,,,362.14,3.17
2021-09-09,13.47,20.0,,,330.43,3.33
2021-09-10,12.71,20.0,,,303.71,3.57
2021-09-11,12.63,20.0,,,303.71,3.57
2021-09-12,14.95,16.57,,,303.71,3.57
2021-09-13,15.57,16.57,,,301.43,3.68
2021-09-14,15.05,16.57,,,310.0,3.66
2021-09-15,14.83,16.57,,,314.29,4.03
2021-09-16,14.89,16.57,,,325.14,4.03
2021-09-17,14.9,16.57,,,343.29,4.1
2021-09-18,15.65,16.57,,,343.29,4.1
2021-09-19,15.08,18.29,,,343.29,4.1
2021-09-20,13.99,18.29,,,294.29,3.94
2021-09-21,13.99,18.29,,,271.14,3.91
2021-09-22,13.86,18.29,,,263.0,4.53
2021-09-23,13.88,18.29,,,256.29,4.53
2021-09-24,13.26,18.29,,,236.0,4.7
2021-09-25,13.61,18.29,,,236.0,4.7
2021-09-26,13.23,13.86,,,236.0,4.7
2021-09-27,13.26,13.86,,,202.71,4.61
2021-09-28,13.49,13.86,,,199.29,4.53
2021-09-29,13.13,13.86,,,197.0,4.8
2021-09-30,12.45,13.86,,,183.86,4.71
2021-10-01,12.05,13.86,,,175.14,4.67
2021-10-02,11.23,13.86,,,175.14,4.67
2021-10-03,11.19,15.71,,,175.14,4.67
2021-10-04,10.43,15.71,,,147.86,4.48
2021-10-05,10.26,15.71,,,143.86,4.48
2021-10-06,10.07,15.71,,,127.29,4.3
2021-10-07,9.86,15.71,,,122.86,4.37
2021-10-08,9.71,15.71,,,113.14,4.4
2021-10-09,9.86,15.71,,,113.14,4.4
2021-10-10,9.95,15.57,,,113.14,4.4
2021-10-11,9.74,15.57,,,108.71,4.0
2021-10-12,9.37,15.57,,,104.0,4.0
2021-10-13,9.45,15.57,,,104.14,3.9
2021-10-14,9.11,15.57,,,96.57,3.9
2021-10-15,8.69,15.57,,,92.29,3.7
2021-10-16,,15.57,,,92.29,3.7
2021-10-17,7.89,12.86,,,92.29,3.7
2021-10-18,7.11,12.86,,,72.86,3.45
2021-10-19,6.95,12.86,,,71.14,3.38
2021-10-20,6.2,12.86,,,65.86,3.5
2021-10-21,6.1,12.86,,,62.86,3.53
2021-10-22,5.94,12.86,,,58.0,3.03
2021-10-23,6.03,12.86,,,58.0,3.03
2021-10-24,5.83,13.57,,,58.0,3.03
2021-10-25,5.76,13.57,,,49.0,2.74
2021-10-26,6.03,13.57,,,50.86,2.69
2021-10-27,5.94,13.57,,,53.43,2.7
2021-10-28,6.02,13.57,,,50.0,2.77
2021-10-29,5.65,13.57,,,60.29,2.57
2021-10-30,5.8,13.57,,,60.29,2.57
2021-10-31,5.43,14.0,,,60.29,2.57
2021-11-01,5.51,14.0,,,58.86,2.26
2021-11-02,5.22,14.0,,,55.71,2.26
2021-11-03,5.37,14.0,,,53.57,2.1
2021-11-04,5.14,14.0,,,53.43,2.1
2021-11-05,5.36,14.0,,,48.0,2.07
2021-11-06,5.72,14.0,,,48.0,2.07
2021-11-07,5.44,11.43,,,48.0,2.07
2021-11-08,5.05,11.43,,,50.0,1.84
2021-11-09,5.22,11.43,,,50.86,1.84
2021-11-10,5.27,11.43,,,50.57,1.8
2021-11-11,5.34,11.43,,,50.57,1.8
2021-11-12,5.25,11.43,,,53.14,1.8
2021-11-13,5.62,11.43,,,53.14,1.8
2021-11-14,5.48,14.86,,,53.14,1.8
2021-11-15,5.61,14.86,,,56.57,1.48
2021-11-16,5.52,14.86,,,54.71,1.47
2021-11-17,5.49,14.86,,,58.57,1.47
2021-11-18,5.09,14.86,,,57.5,1.47
2021-11-19,4.95,14.86,,,55.0,1.27
2021-11-20,5.4,14.86,,,55.0,1.27
2021-11-21,5.22,15.43,,,55.0,1.27
2021-11-22,4.9,15.43,,,53.86,1.27
2021-11-23,4.64,15.43,,,53.14,1.27
2021-11-24,4.57,15.43,,,49.86,1.07
2021-11-25,4.65,15.43,,,49.86,1.07
2021-11-26,4.96,15.43,,,38.57,0.97
2021-11-27,5.07,15.43,,,38.57,0.97
2021-11-28,5.22,12.71,,,38.57,0.97
2021-11-29,5.83,12.71,,,40.14,0.94
2021-11-30,6.27,12.71,,,42.57,0.94
2021-12-01,6.7,12.71,,,43.57,0.94
2021-12-02,7.33,12.71,,,48.63,0.94
2021-12-03,7.07,12.71,,,59.86,0.94
2021-12-04,7.66,12.71,,,59.86,0.94
2021-12-05,7.66,13.14,,,59.86,0.94
2021-12-06,7.57,13.14,,,64.43,0.84
2021-12-07,7.76,13.14,,,67.0,0.84
2021-12-08,7.56,13.14,,,69.57,0.9
2021-12-09,7.25,13.14,,,73.14,0.97
2021-12-10,6.88,13.14,,,78.71,0.97
2021-12-11,7.48,13.14,,,78.71,0.97
2021-12-12,7.85,12.0,,,78.71,0.97
2021-12-13,7.69,12.0,,,81.71,0.76
2021-12-14,7.7,12.0,,,79.71,0.76
2021-12-15,7.09,12.0,,,76.86,0.77
2021-12-16,6.93,12.0,,,71.43,0.77
2021-12-17,6.58,12.0,,,69.0,0.74
2021-12-18,7.0,12.0,,,69.0,0.74
2021-12-19,6.82,15.0,,,69.0,0.74
2021-12-20,7.14,15.0,,,69.29,0.74
2021-12-21,7.48,15.0,,,70.57,0.81
2021-12-22,7.04,15.0,,,79.86,0.85
2021-12-23,7.21,15.0,,,87.57,0.85
2021-12-24,7.66,15.0,,,87.57,0.85
2021-12-25,8.45,15.0,,,87.57,0.85
2021-12-26,,15.14,,,87.57,0.85
2021-12-27,10.34,15.14,,,87.57,0.85
2021-12-28,11.29,15.14,,,87.57,0.85
2021-12-29,12.98,15.14,,,138.29,0.73
2021-12-30,14.13,15.14,,,176.0,0.74
2021-12-31,14.26,15.14,,,217.63,0.75
2022-01-01,,15.14,,,217.63,0.75
2022-01-02,,15.43,,,217.63,0.75
2022-01-03,,15.43,,,217.63,0.75
2022-01-04,26.39,15.43,,,283.67,0.79
2022-01-05,30.32,15.43,,,414.86,0.87
2022-01-06,23.21,15.43,,,492.57,0.9
2022-01-07,26.33,15.43,,,524.29,0.9
2022-01-08,27.83,15.43,,,524.29,0.9
2022-01-09,31.02,19.86,,,524.29,0.9
2022-01-10,,19.86,,,625.1,0.81
2022-01-11,32.71,19.86,,,708.43,0.82
2022-01-12,33.02,19.86,,,755.29,0.9
2022-01-13,32.4,19.86,,,759.57,0.93
2022-01-14,31.39,19.86,,,799.0,0.93
2022-01-15,31.24,19.86,,,799.0,0.93
2022-01-16,30.57,17.43,,,799.0,0.93
2022-01-17,30.76,17.43,,,799.0,0.93
2022-01-18,26.13,17.43,,,900.29,1.09
2022-01-19,29.09,17.43,,,913.0,1.27
2022-01-20,30.17,17.43,,,914.86,1.23
2022-01-21,29.58,17.43,,,883.71,1.43
2022-01-22,31.24,17.43,,,883.71,1.43
2022-01-23,32.13,21.57,,,883.71,1.43
2022-01-24,35.5,21.57,,,883.71,1.43
2022-01-25,,21.57,,,883.71,1.43
2022-01-26,38.52,21.57,,,806.14,1.46
2022-01-27,,21.57,,,762.14,1.72
2022-01-28,39.34,21.57,,,821.14,2.23
2022-01-29,39.75,21.57,,,821.14,2.23
2022-01-30,,20.71,,,821.14,2.23
2022-01-31,36.52,20.71,,,806.9,2.55
2022-02-01,35.69,20.71,,,760.36,2.55
2022-02-02,34.52,20.71,,,689.71,2.73
2022-02-03,,20.71,,,649.57,3.0
2022-02-04,31.72,20.71,,,534.57,2.97
2022-02-05,30.4,20.71,,,534.57,2.97
2022-02-06,27.82,19.71,,,534.57,2.97
2022-02-07,26.15,19.71,,,348.57,3.19
2022-02-08,24.99,19.71,,,332.71,3.15
2022-02-09,24.59,19.71,,,317.86,3.43
2022-02-10,23.65,19.71,,,295.86,3.9
2022-02-11,21.35,19.71,,,295.86,3.9
2022-02-12,21.9,19.71,,,295.86,3.9
2022-02-13,20.87,15.29,,,295.86,3.9
2022-02-14,,15.29,,,208.86,3.77
2022-02-15,18.0,15.29,,,193.43,3.77
2022-02-16,17.09,15.29,,,186.57,3.79
2022-02-17,,15.29,,,175.86,4.03
2022-02-18,,15.29,12.6,2.13,175.75,4.03
2022-02-19,15.39,15.29,12.6,2.13,175.75,4.03
2022-02-20,13.6,14.57,12.6,2.13,175.75,4.03
2022-02-21,12.36,14.57,12.6,2.13,175.75,4.03
2022-02-22,11.72,14.57,12.6,2.13,119.0,3.41
2022-02-23,10.66,14.57,12.6,2.13,97.29,3.45
2022-02-24,,14.57,12.6,2.13,83.57,3.41
2022-02-25,9.92,14.57,7.9,1.27,64.29,3.8
2022-02-26,10.8,14.57,7.9,1.27,64.29,3.8
2022-02-27,10.66,14.14,7.9,1.27,64.29,3.8
2022-02-28,,14.14,7.9,1.27,55.7,3.16
2022-03-01,,14.14,7.9,1.27,38.43,3.16
2022-03-02,,14.14,7.9,1.27,36.71,2.93
2022-03-03,5.42,14.14,7.9,1.27,30.14,2.9
2022-03-04,4.65,14.14,5.7,0.76,30.14,2.9
2022-03-05,4.96,14.14,5.7,0.76,30.14,2.9
2022-03-06,3.88,13.14,5.7,0.76,30.14,2.9
2022-03-07,,13.14,5.7,0.76,23.0,2.84
2022-03-08,3.0,13.14,5.7,0.76,20.14,2.84
2022-03-09,2.89,13.14,5.7,0.76,18.57,2.7
2022-03-10,2.84,13.14,5.7,0.76,21.43,2.8
2022-03-11,3.6,13.14,4.1,0.66,19.29,2.8
2022-03-12,3.79,13.14,4.1,0.66,19.29,2.8
2022-03-13,3.71,13.14,4.1,0.66,19.29,2.8
2022-03-14,3.78,13.14,4.1,0.66,19.29,2.8
2022-03-15,4.34,13.14,4.1,0.66,17.71,2.15
2022-03-16,4.38,13.14,4.1,0.66,17.71,2.15
2022-03-17,3.88,13.14,4.1,0.66,17.71,2.15
2022-03-18,3.46,13.14,2.7,0.41,17.71,2.15
2022-03-19,2.83,13.14,2.7,0.41,17.71,2.15
2022-03-20,2.13,14.14,2.7,0.41,17.71,2.15
2022-03-21,2.56,14.14,2.7,0.41,17.71,2.15
2022-03-22,2.62,14.14,2.7,0.41,12.57,1.91
2022-03-23,2.51,14.14,2.7,0.41,12.57,1.91
2022-03-24,2.63,14.14,2.7,0.41,12.57,1.91
2022-03-25,2.4,14.14,1.6,0.34,12.57,1.91
2022-03-26,3.11,14.14,1.6,0.34,12.57,1.91
2022-03-27,3.8,13.29,1.6,0.34,12.57,1.91
2022-03-28,3.71,13.29,1.6,0.34,12.57,1.91
2022-03-29,3.82,13.29,1.6,0.34,15.86,1.63
2022-03-30,3.8,13.29,1.6,0.34,15.86,1.63
2022-03-31,3.92,13.29,1.6,0.34,15.86,1.63
2022-04-01,4.17,13.29,1.5,0.24,15.86,1.63
2022-04-02,4.22,13.29,1.5,0.24,15.86,1.63
2022-04-03,3.87,12.71,1.5,0.24,15.86,1.63
2022-04-04,3.78,12.71,1.5,0.24,15.86,1.63
2022-04-05,3.76,12.71,1.5,0.24,11.43,1.42
2022-04-06,4.18,12.71,1.5,0.24,11.43,1.42
2022-04-07,4.29,12.71,1.5,0.24,11.43,1.42
2022-04-08,4.5,12.71,1.6,0.41,11.43,1.42
2022-04-09,4.38,12.71,1.6,0.41,11.43,1.42
2022-04-10,4.64,10.14,1.6,0.41,11.43,1.42
2022-04-11,5.29,10.14,1.6,0.41,11.43,1.42
2022-04-12,4.61,10.14,1.6,0.41,14.86,0.72
2022-04-13,4.6,10.14,1.6,0.41,14.86,0.72
2022-04-14,5.15,10.14,1.6,0.41,14.86,0.72
2022-04-15,4.98,10.14,1.1,0.31,14.86,0.72
2022-04-16,5.54,10.14,1.1,0.31,14.86,0.72
2022-04-17,5.63,14.57,1.1,0.31,14.86,0.72
2022-04-18,5.55,14.57,1.1,0.31,14.86,0.72
2022-04-19,5.95,14.57,1.1,0.31,15.57,0.72
2022-04-20,6.42,14.57,1.1,0.31,15.57,0.72
2022-04-21,6.18,14.57,1.1,0.31,15.57,0.72
2022-04-22,7.33,14.57,1.7,0.54,15.57,0.72
2022-04-23,8.19,14.57,1.7,0.54,15.57,0.72
2022-04-24,8.75,13.0,1.7,0.54,15.57,0.72
2022-04-25,,13.0,1.7,0.54,15.57,0.72
2022-04-26,,13.0,1.7,0.54,15.57,0.72
2022-04-27,,13.0,1.7,0.54,15.57,0.72
2022-04-28,,13.0,1.7,0.54,21.44,0.37
2022-04-29,,13.0,2.3,0.61,21.44,0.37
2022-04-30,,13.0,2.3,0.61,21.44,0.37
2022-05-01,,13.14,2.3,0.61,21.44,0.37
2022-05-02,,13.14,2.3,0.61,21.44,0.37
2022-05-03,,13.14,2.3,0.61,38.14,0.4
2022-05-04,11.91,13.14,2.3,0.61,38.14,0.4
2022-05-05,12.46,13.14,2.3,0.61,38.14,0.4
2022-05-06,12.95,13.14,2.9,0.69,38.14,0.4
2022-05-07,14.08,13.14,2.9,0.69,38.14,0.4
2022-05-08,16.11,11.0,2.9,0.69,38.14,0.4
2022-05-09,16.89,11.0,2.9,0.69,38.14,0.4
2022-05-10,18.44,11.0,2.9,0.69,38.14,0.4
2022-05-11,19.26,11.0,2.9,0.69,61.0,0.4
2022-05-12,18.78,11.0,2.9,0.69,61.0,0.4
2022-05-13,19.25,11.0,2.3,1.03,61.0,0.4
2022-05-14,19.77,11.0,2.3,1.03,61.0,0.4
2022-05-15,19.58,12.57,2.3,1.03,61.0,0.4
2022-05-16,20.52,12.57,2.3,1.03,61.0,0.4
2022-05-17,20.56,12.57,2.3,1.03,80.79,0.4
2022-05-18,19.15,12.57,2.3,1.03,80.79,0.4
2022-05-19,18.66,12.57,2.3,1.03,80.79,0.4
2022-05-20,20.12,12.57,3.5,1.47,80.79,0.4
2022-05-21,20.41,12.57,3.5,1.47,80.79,0.4
2022-05-22,20.29,12.43,3.5,1.47,80.79,0.4
2022-05-23,20.11,12.43,3.5,1.47,80.79,0.4
2022-05-24,20.79,12.43,3.5,1.47,89.57,0.26
2022-05-25,21.25,12.43,3.5,1.47,89.57,0.26
2022-05-26,22.14,12.43,3.5,1.47,89.57,0.26
2022-05-27,22.12,12.43,3.7,1.51,89.57,0.26
2022-05-28,23.19,12.43,3.7,1.51,89.57,0.26
2022-05-29,23.16,12.71,3.7,1.51,89.57,0.26
2022-05-30,22.64,12.71,3.7,1.51,89.57,0.26
2022-05-31,24.68,12.71,3.7,1.51,89.57,0.26
2022-06-01,24.41,12.71,3.7,1.51,107.75,0.26
2022-06-02,24.75,12.71,3.7,1.51,107.75,0.26
2022-06-03,23.09,12.71,3.6,0.83,107.75,0.26
2022-06-04,24.56,12.71,3.6,0.83,107.75,0.26
2022-06-05,23.38,12.0,3.6,0.83,107.75,0.26
2022-06-06,24.03,12.0,3.6,0.83,107.75,0.26
2022-06-07,23.95,12.0,3.6,0.83,115.0,0.23
2022-06-08,22.71,12.0,3.6,0.83,115.0,0.23
2022-06-09,21.59,12.0,3.6,0.83,115.0,0.23
2022-06-10,,12.0,4.0,1.57,115.0,0.23
2022-06-11,,12.0,4.0,1.57,115.0,0.23
2022-06-12,,12.0,4.0,1.57,115.0,0.23
2022-06-13,,12.0,4.0,1.57,115.0,0.23
2022-06-14,,12.0,4.0,1.57,104.57,0.24
2022-06-15,20.34,12.0,4.0,1.57,104.57,0.24
2022-06-16,21.98,12.0,4.0,1.57,104.57,0.24
2022-06-17,24.01,12.0,3.5,1.57,104.57,0.24
2022-06-18,27.36,12.0,3.5,1.57,104.57,0.24
2022-06-19,27.28,10.86,3.5,1.57,104.57,0.24
2022-06-20,28.06,10.86,3.5,1.57,104.57,0.24
2022-06-21,29.8,10.86,3.5,1.57,120.14,0.22
2022-06-22,29.22,10.86,3.5,1.57,120.14,0.22
2022-06-23,28.93,10.86,3.5,1.57,120.14,0.22
2022-06-24,28.12,10.86,3.0,1.2,120.14,0.22
2022-06-25,26.69,10.86,3.0,1.2,120.14,0.22
2022-06-26,,13.0,3.0,1.2,120.14,0.22
2022-06-27,24.79,13.0,3.0,1.2,120.14,0.22
2022-06-28,24.7,13.0,3.0,1.2,122.71,0.23
2022-06-29,23.8,13.0,3.0,1.2,122.71,0.23
2022-06-30,24.4,13.0,3.0,1.2,122.71,0.23
2022-07-01,24.11,13.0,4.0,1.74,122.71,0.23
2022-07-02,23.42,13.0,4.0,1.74,122.71,0.23
2022-07-03,25.4,14.0,4.0,1.74,122.71,0.23
2022-07-04,,14.0,4.0,1.74,122.71,0.23
2022-07-05,,14.0,4.0,1.74,122.71,0.23
2022-07-06,29.92,14.0,4.0,1.74,106.13,0.23
2022-07-07,29.17,14.0,4.0,1.74,106.13,0.23
2022-07-08,27.0,14.0,4.7,2.06,106.13,0.23
2022-07-09,27.48,14.0,4.7,2.06,106.13,0.23
2022-07-10,27.98,12.86,4.7,2.06,106.13,0.23
2022-07-11,26.83,12.86,4.7,2.06,106.13,0.23
2022-07-12,29.75,12.86,4.7,2.06,127.14,0.23
2022-07-13,30.1,12.86,4.7,2.06,127.14,0.23
2022-07-14,29.03,12.86,4.7,2.06,127.14,0.23
2022-07-15,29.07,12.86,4.7,2.03,127.14,0.23
2022-07-16,28.7,12.86,4.7,2.03,127.14,0.23
2022-07-17,28.4,12.71,4.7,2.03,127.14,0.23
2022-07-18,30.7,12.71,4.7,2.03,127.14,0.23
2022-07-19,31.38,12.71,4.7,2.03,144.57,0.23
2022-07-20,29.38,12.71,4.7,2.03,144.57,0.23
2022-07-21,28.79,12.71,4.7,2.03,144.57,0.23
2022-07-22,28.56,12.71,6.1,2.23,144.57,0.23
2022-07-23,30.99,12.71,6.1,2.23,144.57,0.23
2022-07-24,30.33,12.43,6.1,2.23,144.57,0.23
2022-07-25,30.57,12.43,6.1,2.23,144.57,0.23
2022-07-26,32.31,12.43,6.1,2.23,158.71,0.46
2022-07-27,32.88,12.43,6.1,2.23,158.71,0.46
2022-07-28,32.83,12.43,6.1,2.23,158.71,0.46
2022-07-29,31.7,12.43,7.1,2.47,158.71,0.46
2022-07-30,32.6,12.43,7.1,2.47,158.71,0.46
2022-07-31,30.16,14.71,7.1,2.47,158.71,0.46
2022-08-01,,14.71,7.1,2.47,158.71,0.46
2022-08-02,,14.71,7.1,2.47,158.71,0.46
2022-08-03,,14.71,7.1,2.47,158.71,0.46
2022-08-04,,14.71,7.1,2.47,118.11,0.54
2022-08-05,,14.71,7.1,2.47,118.11,0.54
2022-08-06,,14.71,7.1,2.47,118.11,0.54
2022-08-07,,12.14,7.1,2.47,118.11,0.54
2022-08-08,,12.14,7.1,2.47,118.11,0.54
2022-08-09,,12.14,7.1,2.47,148.07,0.52
2022-08-10,,12.14,7.1,2.47,148.07,0.52
2022-08-11,27.8,12.14,7.1,2.47,148.07,0.52
2022-08-12,27.32,12.14,6.2,2.09,148.07,0.52
2022-08-13,25.61,12.14,6.2,2.09,148.07,0.52
2022-08-14,25.82,12.43,6.2,2.09,148.07,0.52
2022-08-15,25.07,12.43,6.2,2.09,148.07,0.52
2022-08-16,26.29,12.43,6.2,2.09,123.29,0.51
2022-08-17,25.9,12.43,6.2,2.09,123.29,0.51
2022-08-18,25.46,12.43,6.2,2.09,123.29,0.51
2022-08-19,,12.43,6.2,2.03,123.29,0.51
2022-08-20,,12.43,6.2,2.03,123.29,0.51
2022-08-21,,13.71,6.2,2.03,123.29,0.51
2022-08-22,,13.71,6.2,2.03,123.29,0.51
2022-08-23,,13.71,6.2,2.03,102.14,0.69
2022-08-24,,13.71,6.2,2.03,102.14,0.69
2022-08-25,27.95,13.71,6.2,2.03,102.14,0.69
2022-08-26,27.18,13.71,6.4,2.26,102.14,0.69
2022-08-27,26.11,13.71,6.4,2.26,102.14,0.69
2022-08-28,25.85,13.0,6.4,2.26,102.14,0.69
2022-08-29,,13.0,6.4,2.26,102.14,0.69
2022-08-30,,13.0,6.4,2.26,126.29,0.49
2022-08-31,26.45,13.0,6.4,2.26,126.29,0.49
2022-09-01,19.7,13.0,6.4,2.26,126.29,0.49
2022-09-02,20.32,13.0,5.4,1.37,126.29,0.49
2022-09-03,22.72,13.0,5.4,1.37,126.29,0.49
2022-09-04,22.77,12.86,5.4,1.37,126.29,0.49
2022-09-05,21.82,12.86,5.4,1.37,126.29,0.49
2022-09-06,22.02,12.86,5.4,1.37,126.29,0.49
2022-09-07,21.07,12.86,5.4,1.37,118.38,0.44
2022-09-08,18.95,12.86,5.4,1.37,118.38,0.44
2022-09-09,18.56,12.86,3.7,1.2,118.38,0.44
2022-09-10,17.6,12.86,3.7,1.2,118.38,0.44
2022-09-11,17.24,13.14,3.7,1.2,118.38,0.44
2022-09-12,16.2,13.14,3.7,1.2,118.38,0.44
2022-09-13,16.88,13.14,3.7,1.2,105.07,0.49
2022-09-14,16.5,13.14,3.7,1.2,105.07,0.49
2022-09-15,15.94,13.14,3.7,1.2,105.07,0.49
2022-09-16,14.92,13.14,2.9,1.1,105.07,0.49
2022-09-17,15.44,13.14,2.9,1.1,105.07,0.49
2022-09-18,15.22,13.29,2.9,1.1,105.07,0.49
2022-09-19,13.34,13.29,2.9,1.1,105.07,0.49
2022-09-20,14.0,13.29,2.9,1.1,55.0,0.43
2022-09-21,13.38,13.29,2.9,1.1,55.0,0.43
2022-09-22,13.25,13.29,2.9,1.1,55.0,0.43
2022-09-23,13.71,13.29,2.9,0.83,55.0,0.43
2022-09-24,14.08,13.29,2.9,0.83,55.0,0.43
2022-09-25,13.76,13.14,2.9,0.83,55.0,0.43
2022-09-26,13.13,13.14,2.9,0.83,55.0,0.43
2022-09-27,13.43,13.14,2.9,0.83,44.29,0.37
2022-09-28,13.73,13.14,2.9,0.83,44.29,0.37
2022-09-29,11.99,13.14,2.9,0.83,44.29,0.37
2022-09-30,12.33,13.14,2.5,0.76,44.29,0.37
2022-10-01,12.47,13.14,2.5,0.76,44.29,0.37
2022-10-02,12.15,13.71,2.5,0.76,44.29,0.37
2022-10-03,13.5,13.71,2.5,0.76,44.29,0.37
2022-10-04,14.86,13.71,2.5,0.76,44.71,0.46
2022-10-05,13.2,13.71,2.5,0.76,44.71,0.46
2022-10-06,12.18,13.71,2.5,0.76,44.71,0.46
2022-10-07,10.84,13.71,1.9,0.61,44.71,0.46
2022-10-08,10.43,13.71,1.9,0.61,44.71,0.46
2022-10-09,9.81,10.57,1.9,0.61,44.71,0.46
2022-10-10,10.49,10.57,1.9,0.61,44.71,0.46
2022-10-11,10.84,10.57,1.9,0.61,34.71,0.53
2022-10-12,11.44,10.57,1.9,0.61,34.71,0.53
2022-10-13,11.68,10.57,1.9,0.61,34.71,0.53
2022-10-14,12.47,10.57,1.5,0.61,34.71,0.53
2022-10-15,11.94,10.57,1.5,0.61,34.71,0.53
2022-10-16,12.39,12.14,1.5,0.61,34.71,0.53
2022-10-17,11.89,12.14,1.5,0.61,34.71,0.53
2022-10-18,11.88,12.14,1.5,0.61,33.71,0.54
2022-10-19,11.32,12.14,1.5,0.61,33.71,0.54
2022-10-20,,12.14,1.5,0.61,33.71,0.54
2022-10-21,,12.14,1.7,0.51,33.71,0.54
2022-10-22,,12.14,1.7,0.51,33.71,0.54
2022-10-23,,15.86,1.7,0.51,33.71,0.54
2022-10-24,,15.86,1.7,0.51,33.71,0.54
2022-10-25,,15.86,1.7,0.51,30.29,0.54
2022-10-26,,15.86,1.7,0.51,30.29,0.54
2022-10-27,,15.86,1.7,0.51,30.29,0.54
2022-10-28,,15.86,1.7,1.06,30.29,0.54
2022-10-29,,15.86,1.7,1.06,30.29,0.54
2022-10-30,,12.29,1.7,1.06,30.29,0.54
2022-10-31,,12.29,1.7,1.06,30.29,0.54
2022-11-01,,12.29,1.7,1.06,37.14,0.6
2022-11-02,,12.29,1.7,1.06,37.14,0.6
2022-11-03,,12.29,1.7,1.06,37.14,0.6
2022-11-04,,12.29,1.5,0.76,37.14,0.6
2022-11-05,,12.29,1.5,0.76,37.14,0.6
2022-11-06,,12.57,1.5,0.76,37.14,0.6
2022-11-07,,12.57,1.5,0.76,37.14,0.6
2022-11-08,,12.57,1.5,0.76,41.14,0.49
2022-11-09,,12.57,1.5,0.76,41.14,0.49
2022-11-10,,12.57,1.5,0.76,41.14,0.49
2022-11-11,,12.57,1.9,0.86,41.14,0.49
2022-11-12,,12.57,1.9,0.86,41.14,0.49
2022-11-13,,12.57,1.9,0.86,41.14,0.49
2022-11-14,,12.57,1.9,0.86,41.14,0.49
2022-11-15,,12.57,1.9,0.86,33.86,0.37
2022-11-16,,12.57,1.9,0.86,33.86,0.37
2022-11-17,,12.57,1.9,0.86,33.86,0.37
2022-11-18,,12.57,1.7,0.54,33.86,0.37
2022-11-19,,12.57,1.7,0.54,33.86,0.37
2022-11-20,,16.29,1.7,0.54,33.86,0.37
2022-11-21,,16.29,1.7,0.54,33.86,0.37
2022-11-22,,16.29,1.7,0.54,32.14,0.37
2022-11-23,,16.29,1.7,0.54,32.14,0.37
2022-11-24,,16.29,1.7,0.54,32.14,0.37
2022-11-25,,16.29,2.0,0.49,32.14,0.37
2022-11-26,,16.29,2.0,0.49,32.14,0.37
2022-11-27,,13.43,2.0,0.49,32.14,0.37
2022-11-28,,13.43,2.0,0.49,32.14,0.37
2022-11-29,,13.43,2.0,0.49,21.57,0.23
2022-11-30,,13.43,2.0,0.49,21.57,0.23
2022-12-01,,13.43,2.0,0.49,21.57,0.23
2022-12-02,,13.43,2.0,0.96,21.57,0.23
2022-12-03,,13.43,2.0,0.96,21.57,0.23
2022-12-04,,14.71,2.0,0.96,21.57,0.23
2022-12-05,,14.71,2.0,0.96,21.57,0.23
2022-12-06,,14.71,2.0,0.96,45.86,0.14
2022-12-07,,14.71,2.0,0.96,45.86,0.14
2022-12-08,,14.71,2.0,0.96,45.86,0.14
2022-12-09,,14.71,1.4,0.54,45.86,0.14
2022-12-10,,14.71,1.4,0.54,45.86,0.14
2022-12-11,,15.71,1.4,0.54,45.86,0.14
2022-12-12,,15.71,1.4,0.54,45.86,0.14
2022-12-13,,15.71,1.4,0.54,45.71,0.17
2022-12-14,,15.71,1.4,0.54,45.71,0.17
2022-12-15,,15.71,1.4,0.54,45.71,0.17
2022-12-16,,15.71,2.2,1.27,45.71,0.17
2022-12-17,,15.71,2.2,1.27,45.71,0.17
2022-12-18,,13.57,2.2,1.27,45.71,0.17
2022-12-19,,13.57,2.2,1.27,45.71,0.17
2022-12-20,,13.57,2.2,1.27,61.43,0.2
2022-12-21,,13.57,2.2,1.27,61.43,0.2
2022-12-22,,13.57,2.2,1.27,61.43,0.2
2022-12-23,,13.57,4.1,1.71,61.43,0.2
2022-12-24,,13.57,4.1,1.71,61.43,0.2
2022-12-25,,15.0,4.1,1.71,61.43,0.2
2022-12-26,,15.0,4.1,1.71,61.43,0.2
2022-12-27,,15.0,4.1,1.71,90.43,0.2
2022-12-28,,15.0,4.1,1.71,90.43,0.2
2022-12-29,,15.0,4.1,1.71,90.43,0.2
2022-12-30,,15.0,6.5,2.94,90.43,0.2
2022-12-31,,15.0,6.5,2.94,90.43,0.2
2023-01-01,,14.14,6.5,2.94,90.43,0.2
2023-01-02,,14.14,6.5,2.94,90.43,0.2
2023-01-03,,14.14,6.5,2.94,90.43,0.2
2023-01-04,,14.14,6.5,2.94,87.88,0.25
2023-01-05,,14.14,6.5,2.94,87.88,0.25
2023-01-06,,14.14,5.5,1.74,87.88,0.25
2023-01-07,,14.14,5.5,1.74,87.88,0.25
2023-01-08,,13.14,5.5,1.74,87.88,0.25
2023-01-09,,13.14,5.5,1.74,87.88,0.25
2023-01-10,,13.14,5.5,1.74,100.79,0.46
2023-01-11,,13.14,5.5,1.74,100.79,0.46
2023-01-12,,13.14,5.5,1.74,100.79,0.46
2023-01-13,,13.14,4.9,1.64,100.79,0.46
2023-01-14,,13.14,4.9,1.64,100.79,0.46
2023-01-15,,13.14,4.9,1.64,100.79,0.46
2023-01-16,,13.14,4.9,1.64,100.79,0.46
2023-01-17,,13.14,4.9,1.64,100.79,0.46
2023-01-18,,13.14,4.9,1.64,54.5,0.5
2023-01-19,,13.14,4.9,1.64,54.5,0.5
2023-01-20,,13.14,4.1,1.2,54.5,0.5
2023-01-21,,13.14,4.1,1.2,54.5,0.5
2023-01-22,,13.71,4.1,1.2,54.5,0.5
2023-01-23,,13.71,4.1,1.2,54.5,0.5
2023-01-24,,13.71,4.1,1.2,55.64,0.51
2023-01-25,,13.71,4.1,1.2,55.64,0.51
2023-01-26,,13.71,4.1,1.2,55.64,0.51
2023-01-27,,13.71,4.0,1.2,55.64,0.51
2023-01-28,,13.71,4.0,1.2,55.64,0.51
2023-01-29,,13.43,4.0,1.2,55.64,0.51
2023-01-30,,13.43,4.0,1.2,55.64,0.51
2023-01-31,,13.43,4.0,1.2,40.71,0.51
2023-02-01,,13.43,4.0,1.2,40.71,0.51
2023-02-02,,13.43,4.0,1.2,40.71,0.51
2023-02-03,,13.43,4.1,1.2,40.71,0.51
2023-02-04,,13.43,4.1,1.2,40.71,0.51
2023-02-05,,14.57,4.1,1.2,40.71,0.51
2023-02-06,,14.57,4.1,1.2,40.71,0.51
2023-02-07,,14.57,4.1,1.2,39.57,0.71
2023-02-08,,14.57,4.1,1.2,39.57,0.71
2023-02-09,,14.57,4.1,1.2,39.57,0.71
2023-02-10,,14.57,3.2,0.69,39.57,0.71
2023-02-11,,14.57,3.2,0.69,39.57,0.71
2023-02-12,,13.43,3.2,0.69,39.57,0.71
2023-02-13,,13.43,3.2,0.69,39.57,0.71
2023-02-14,,13.43,3.2,0.69,38.0,0.71
2023-02-15,,13.43,3.2,0.69,38.0,0.71
2023-02-16,,13.43,3.2,0.69,38.0,0.71
2023-02-17,,13.43,3.3,0.86,38.0,0.71
2023-02-18,,13.43,3.3,0.86,38.0,0.71
2023-02-19,,13.43,3.3,0.86,38.0,0.71
2023-02-20,,13.43,3.3,0.86,38.0,0.71
2023-02-21,,13.43,3.3,0.86,38.0,0.71
2023-02-22,,13.43,3.3,0.86,31.13,0.49
2023-02-23,,13.43,3.3,0.86,31.13,0.49
2023-02-24,,13.43,2.5,0.69,31.13,0.49
2023-02-25,,13.43,2.5,0.69,31.13,0.49
2023-02-26,,12.14,2.5,0.69,31.13,0.49
2023-02-27,,12.14,2.5,0.69,31.13,0.49
2023-02-28,,12.14,2.5,0.69,35.64,0.54
2023-03-01,,12.14,2.5,0.69,35.64,0.54
2023-03-02,,12.14,2.5,0.69,35.64,0.54
2023-03-03,,12.14,2.0,0.76,35.64,0.54
2023-03-04,,12.14,2.0,0.76,35.64,0.54
2023-03-05,,15.14,2.0,0.76,35.64,0.54
2023-03-06,,15.14,2.0,0.76,35.64,0.54
2023-03-07,,15.14,2.0,0.76,23.0,0.55
2023-03-08,,15.14,2.0,0.76,23.0,0.55
2023-03-09,,15.14,2.0,0.76,23.0,0.55
2023-03-10,,15.14,1.7,0.61,23.0,0.55
2023-03-11,,15.14,1.7,0.61,23.0,0.55
2023-03-12,,14.86,1.7,0.61,23.0,0.55
2023-03-13,,14.86,1.7,0.61,23.0,0.55
2023-03-14,,14.86,1.7,0.61,19.57,0.57
2023-03-15,,14.86,1.7,0.61,19.57,0.57
2023-03-16,,14.86,1.7,0.61,19.57,0.57
2023-03-17,,14.86,1.9,0.79,19.57,0.57
2023-03-18,,14.86,1.9,0.79,19.57,0.57
2023-03-19,,10.57,1.9,0.79,19.57,0.57
2023-03-20,,10.57,1.9,0.79,19.57,0.57
2023-03-21,,10.57,1.9,0.79,24.43,0.5
2023-03-22,,10.57,1.9,0.79,24.43,0.5
2023-03-23,,10.57,1.9,0.79,24.43,0.5
